DATE,CLOSING PRICE,TICKER,OPEN,HIGH,LOW,VOLUME
12/6/2020,23.3,CTG,22.1,23.3,22.1,7094300
11/6/2020,22.95,CTG,24.7,24.8,22.95,9257760
10/6/2020,24.65,CTG,24.2,25,24.1,8248360
9/6/2020,24.2,CTG,25,25,24.2,6702380
8/6/2020,24.9,CTG,24.85,25.2,24.6,7059480
5/6/2020,24.45,CTG,24.5,24.7,24.2,5424300
4/6/2020,24.65,CTG,24.2,24.9,24.1,8945730
3/6/2020,24,CTG,23.6,24.05,23.55,6901900
2/6/2020,23.45,CTG,23.8,24.3,23.4,9588410
1/6/2020,23.5,CTG,22.8,23.5,22.7,7120400
29/05/2020,22.5,CTG,22.45,22.7,22.45,3561630
28/05/2020,22.55,CTG,22.55,22.95,22.35,5936110
27/05/2020,22.4,CTG,23.3,23.45,22.4,8420990
26/05/2020,23.15,CTG,23.05,23.3,22.85,6282980
25/05/2020,23.05,CTG,22.9,23.35,22.7,6731270
22/05/2020,22.8,CTG,22.8,23.6,22.65,7637850
21/05/2020,22.95,CTG,22.35,23.25,22.3,10616250
20/05/2020,22.3,CTG,22,22.3,21.9,5342980
19/05/2020,22.3,CTG,22,22.45,21.8,11023040
18/05/2020,21.35,CTG,20.95,21.35,20.7,5204650
15/05/2020,20.9,CTG,21.55,21.6,20.85,7303040
14/05/2020,21.35,CTG,21.4,21.75,21.35,5828440
13/05/2020,21.65,CTG,21.4,21.95,21.15,6959000
12/5/2020,21.65,CTG,21.15,21.8,20.85,6576780
11/5/2020,21.25,CTG,21.45,21.55,20.9,7654090
8/5/2020,20.9,CTG,20.7,21.65,20.6,12666220
7/5/2020,20.4,CTG,20.2,20.65,20.1,7523830
6/5/2020,20.2,CTG,19.95,20.3,19.55,6890670
5/5/2020,19.85,CTG,20.05,20.15,19.65,2976380
4/5/2020,20.05,CTG,19.75,20.45,19.55,7526760
29/04/2020,20,CTG,19.3,20,19.1,9337270
28/04/2020,19.05,CTG,18.85,19.3,18.7,3942840
27/04/2020,18.85,CTG,19.4,19.4,18.85,4305890
24/04/2020,19.2,CTG,19.2,19.3,19,2871100
23/04/2020,19.2,CTG,19.5,19.7,19.2,2950110
22/04/2020,19.25,CTG,18.4,19.7,18.4,6363800
21/04/2020,18.8,CTG,19.65,19.75,18.75,9299890
20/04/2020,19.85,CTG,20.3,20.45,19.85,6291720
17/04/2020,20.1,CTG,20.5,20.5,20,8578720
16/04/2020,19.8,CTG,19.6,19.9,19.4,3710320
15/04/2020,19.85,CTG,19.2,19.95,19.2,6758040
14/04/2020,19.2,CTG,19.55,19.75,18.8,7389910
13/04/2020,19.6,CTG,19.4,20,19.25,4183300
10/4/2020,19.45,CTG,19.8,20.1,19.3,5700980
9/4/2020,19.8,CTG,20,20.35,19.8,7265280
8/4/2020,19.7,CTG,19.3,20,19.1,4637260
7/4/2020,19.85,CTG,20.2,20.25,19.6,7256090
6/4/2020,20.1,CTG,19.3,20.1,19,10557010
3/4/2020,18.8,CTG,18.6,19,18.5,4625590
1/4/2020,18.3,CTG,17,18.35,17,5514550
31/03/2020,17.2,CTG,18,18.5,16.6,6102570
30/03/2020,17.7,CTG,17.85,18,17.7,7331160
27/03/2020,19,CTG,19.05,19.1,18.7,6261510
26/03/2020,18.8,CTG,19.05,19.6,18.8,5121770
25/03/2020,19.55,CTG,19,19.55,18.8,7041040
24/03/2020,18.3,CTG,18.45,18.7,17.65,6361270
23/03/2020,18.45,CTG,18.8,19,18.45,6448830
20/03/2020,19.8,CTG,20.4,20.5,19.65,6426820
19/03/2020,20.1,CTG,20.5,20.6,19.85,4724410
18/03/2020,20.95,CTG,21.3,21.55,20.95,6424470
17/03/2020,21,CTG,20,21.2,19.4,7946050
16/03/2020,20.5,CTG,21.95,22.05,20.5,7506240
13/03/2020,21.95,CTG,20.5,22.4,20.3,10540670
12/3/2020,21.8,CTG,22,22.4,21.6,11314020
11/3/2020,23.2,CTG,24.8,25,22.85,8522410
10/3/2020,24.5,CTG,24,25.05,23.15,11071330
9/3/2020,24,CTG,24.1,24.7,24,10773760
6/3/2020,25.8,CTG,25.8,26.05,25.45,5353340
5/3/2020,26.15,CTG,26.8,26.85,26.15,5997630
4/3/2020,26.45,CTG,26.3,26.45,26,4587660
3/3/2020,26.45,CTG,26.2,26.95,25.95,9514110
2/3/2020,25.5,CTG,25.95,26.05,25.4,4873970
28/02/2020,25.75,CTG,25.5,26.05,25,7892390
27/02/2020,26.2,CTG,25.75,26.2,25.6,5524580
26/02/2020,25.8,CTG,25.55,26.2,25.4,6229210
25/02/2020,26.1,CTG,24.4,26.1,24.35,9764100
24/02/2020,24.4,CTG,25.1,25.4,24.35,12317180
21/02/2020,25.85,CTG,26.8,26.9,25.65,12049570
20/02/2020,26.9,CTG,27.35,27.7,26.65,9011120
19/02/2020,27,CTG,26.8,27.2,26.8,5895360
18/02/2020,26.7,CTG,26.7,27.25,26.6,7231540
17/02/2020,26.55,CTG,26.9,27.05,26.4,5818090
14/02/2020,26.8,CTG,27.35,27.35,26.7,6108570
13/02/2020,27.25,CTG,27.35,27.6,26.5,9485770
12/2/2020,27.2,CTG,28.45,28.45,27.2,10390830
11/2/2020,27.75,CTG,26.9,27.75,26.85,6762320
10/2/2020,26.6,CTG,26.25,27.3,26.2,6287560
7/2/2020,26.9,CTG,27.5,27.65,26.65,8960350
6/2/2020,27.75,CTG,26.7,28.1,26.35,10566600
5/2/2020,26.55,CTG,27.4,27.8,26.55,11732260
4/2/2020,26.9,CTG,25.4,26.9,25.35,14852770
3/2/2020,25.15,CTG,23.5,25.2,23.25,13869450
31/01/2020,24.4,CTG,24.6,25.25,24.4,11815850
30/01/2020,24.35,CTG,24.9,25.35,24,11319200
22/01/2020,25.6,CTG,25.3,25.75,25.05,4747210
21/01/2020,25.3,CTG,25.2,25.8,25.1,6063350
20/01/2020,25.1,CTG,24.9,25.3,24.75,4737420
17/01/2020,24.95,CTG,25.2,25.4,24.6,6412750
16/01/2020,24.9,CTG,23.7,24.95,23.65,8002680
15/01/2020,23.6,CTG,23.5,23.7,23.25,4364850
14/01/2020,23.5,CTG,23.25,23.8,23.2,7040780
13/01/2020,23.2,CTG,23.3,24,23.2,5317470
10/1/2020,23.55,CTG,22.5,24,22.5,14701830
9/1/2020,22.45,CTG,21.85,22.6,21.85,8592300
8/1/2020,21.65,CTG,21.55,22.15,21.3,9864300
7/1/2020,21.7,CTG,21.6,21.85,21.45,4163600
6/1/2020,21.35,CTG,21.2,21.7,21.1,3173480
3/1/2020,21.3,CTG,21.75,21.85,21.25,3626640
2/1/2020,21.5,CTG,20.9,21.75,20.85,4347610
31/12/2019,20.9,CTG,21.15,21.2,20.85,1742690
30/12/2019,21.05,CTG,20.7,21.1,20.65,4624920
27/12/2019,20.65,CTG,20.65,20.65,20.35,1589060
26/12/2019,20.6,CTG,20.6,20.7,20.45,2075490
25/12/2019,20.6,CTG,20.5,20.8,20.5,1381280
24/12/2019,20.6,CTG,20.65,20.65,20.4,1254620
23/12/2019,20.55,CTG,20.4,20.8,20.4,3308670
20/12/2019,20.35,CTG,20.15,20.45,20.1,1068060
19/12/2019,20.15,CTG,20.15,20.3,20,1339070
18/12/2019,20.15,CTG,20.2,20.4,20.15,1746820
17/12/2019,20.25,CTG,20.35,20.55,20.25,1689580
16/12/2019,20.3,CTG,20.6,20.6,20.3,1437460
13/12/2019,20.6,CTG,20.25,20.7,20.25,3962760
12/12/2019,20.15,CTG,19.9,20.25,19.9,1909480
11/12/2019,19.85,CTG,20.05,20.15,19.7,2570270
10/12/2019,20.05,CTG,20.2,20.2,19.95,2293020
9/12/2019,20.15,CTG,20.2,20.35,20.15,2198400
6/12/2019,20.3,CTG,20.05,20.35,20.05,1845310
5/12/2019,20.1,CTG,20.5,20.5,20.1,1382950
4/12/2019,20.45,CTG,19.7,20.5,19.55,3727730
3/12/2019,19.6,CTG,19.5,20,19.5,3746930
2/12/2019,19.8,CTG,20.4,20.45,19.8,3939590
29/11/2019,20.45,CTG,20.45,20.55,20.25,3157760
28/11/2019,20.45,CTG,21.05,21.05,20.45,3637750
27/11/2019,21.05,CTG,21.2,21.3,21.05,1670250
26/11/2019,21.2,CTG,21.25,21.25,21.05,2125800
25/11/2019,21.15,CTG,21.2,21.2,20.9,2228300
22/11/2019,21.1,CTG,21.4,21.45,20.8,4060050
21/11/2019,21.3,CTG,21.3,21.5,21.15,4749840
20/11/2019,21.3,CTG,21.5,21.55,21.3,2914790
19/11/2019,21.5,CTG,21.45,21.6,21.4,3701630
18/11/2019,21.4,CTG,21.65,21.65,21.4,5830220
15/11/2019,21.7,CTG,21.6,21.9,21.5,2515020
14/11/2019,21.6,CTG,21.8,21.8,21.6,2281670
13/11/2019,21.85,CTG,22.05,22.45,21.6,8802490
12/11/2019,22,CTG,21.95,22.15,21.9,2746490
11/11/2019,21.95,CTG,22.35,22.55,21.95,3877190
8/11/2019,22.3,CTG,22.4,22.5,22.25,2175750
7/11/2019,22.25,CTG,22.3,22.4,22.15,2959680
6/11/2019,22.3,CTG,22.4,22.6,22.3,3253010
5/11/2019,22.4,CTG,22.5,22.55,22.4,2659250
4/11/2019,22.45,CTG,22.4,22.75,22.35,5847460
1/11/2019,22.3,CTG,21.9,22.3,21.85,4250320
31/10/2019,22,CTG,22.3,22.4,22,2389060
30/10/2019,22.15,CTG,22,22.35,22,3029000
29/10/2019,22.05,CTG,22.1,22.45,22,3264130
28/10/2019,22,CTG,22.1,22.35,22,3023720
25/10/2019,22,CTG,21.5,22,21.4,4362760
24/10/2019,21.5,CTG,21.5,21.6,21.4,1579900
23/10/2019,21.45,CTG,21.6,21.8,21.35,1940210
22/10/2019,21.6,CTG,21.25,21.6,21.25,1925300
21/10/2019,21.25,CTG,21.5,21.6,21.25,3510490
18/10/2019,21.6,CTG,21.9,21.95,21.5,2938470
17/10/2019,21.9,CTG,21.85,22,21.8,3322020
16/10/2019,21.9,CTG,21.85,22.1,21.8,4123220
15/10/2019,21.7,CTG,21.7,21.8,21.6,2489320
14/10/2019,21.7,CTG,21.45,21.95,21.35,7099870
11/10/2019,21.15,CTG,21.15,21.35,21.15,1561780
10/10/2019,21.15,CTG,21.3,21.4,21.15,2285400
9/10/2019,21.3,CTG,20.8,21.45,20.8,6132090
8/10/2019,20.75,CTG,20.6,20.8,20.5,1145820
7/10/2019,20.55,CTG,20.65,20.75,20.55,1892500
4/10/2019,20.6,CTG,21.05,21.05,20.6,2187870
3/10/2019,21,CTG,20.85,21,20.75,2030560
2/10/2019,21,CTG,21.25,21.4,20.95,2310670
1/10/2019,21.3,CTG,21.3,21.3,21.05,2506360
30/09/2019,21.15,CTG,21.25,21.45,21.1,3543070
27/09/2019,21.15,CTG,21.15,21.3,21.15,2404330
26/09/2019,21.15,CTG,20.9,21.15,20.9,2309330
25/09/2019,20.8,CTG,20.7,20.9,20.65,1672570
24/09/2019,20.75,CTG,21,21.1,20.75,3494440
23/09/2019,21,CTG,21.1,21.25,21,2356580
20/09/2019,21.1,CTG,21.25,21.3,21.05,1829910
19/09/2019,21.25,CTG,20.85,21.3,20.85,4698360
18/09/2019,20.8,CTG,20.7,21.1,20.65,4935270
17/09/2019,20.75,CTG,20.65,20.8,20.6,1413640
16/09/2019,20.75,CTG,20.7,21.15,20.7,3335520
13/09/2019,20.85,CTG,20.15,20.9,20.05,6366050
12/9/2019,20.15,CTG,19.85,20.2,19.8,1076510
11/9/2019,19.8,CTG,19.8,19.85,19.7,1106570
10/9/2019,19.75,CTG,20,20.05,19.7,2170690
9/9/2019,19.95,CTG,19.9,20.05,19.9,1119280
6/9/2019,19.9,CTG,19.95,20.15,19.9,1224750
5/9/2019,19.95,CTG,20.15,20.2,19.95,1321560
4/9/2019,20,CTG,20,20.15,19.85,1681830
3/9/2019,19.95,CTG,20.2,20.3,19.95,1643850
30/08/2019,20.2,CTG,20.2,20.35,20.2,1443900
29/08/2019,20.2,CTG,20.3,20.3,20.1,972120
28/08/2019,20.25,CTG,20.3,20.35,20.2,910800
27/08/2019,20.3,CTG,20.45,20.5,20.2,1948770
26/08/2019,20.3,CTG,20.25,20.4,20.15,3443430
23/08/2019,20.5,CTG,20.6,20.7,20.5,1872130
22/08/2019,20.6,CTG,20.95,20.95,20.6,1977380
21/08/2019,20.75,CTG,20.6,20.95,20.5,4601730
20/08/2019,20.6,CTG,20.5,20.65,20.45,2188250
19/08/2019,20.5,CTG,20.6,20.8,20.5,1255700
16/08/2019,20.5,CTG,20.55,20.8,20.3,3255150
15/08/2019,20.4,CTG,20.1,20.4,20.1,2300810
14/08/2019,20.5,CTG,20.8,20.85,20.5,2708730
13/08/2019,20.6,CTG,20.2,20.6,20.15,2312360
12/8/2019,20.35,CTG,20.5,20.55,20.25,2294430
9/8/2019,20.5,CTG,20.45,20.7,20.35,2169710
8/8/2019,20.45,CTG,20.3,20.45,20.1,2257320
7/8/2019,20.2,CTG,20.2,20.4,20.05,1426570
6/8/2019,20.2,CTG,19.95,20.3,19.95,3546800
5/8/2019,20.35,CTG,20.45,20.45,20.25,2811330
2/8/2019,20.35,CTG,20.2,20.7,20.15,3314870
1/8/2019,20.4,CTG,20.8,20.8,20.3,2806750
31/07/2019,20.75,CTG,20.7,20.85,20.65,2200930
30/07/2019,20.7,CTG,21.1,21.15,20.7,2545270
29/07/2019,20.9,CTG,21.2,21.25,20.8,2591880
26/07/2019,21.2,CTG,21.35,21.4,21.2,2030860
25/07/2019,21.25,CTG,21.25,21.45,21.2,2757240
24/07/2019,21.25,CTG,21.75,21.8,21.25,3844740
23/07/2019,21.65,CTG,21.6,21.75,21.55,2923250
22/07/2019,21.6,CTG,21.85,22.05,21.55,3295120
19/07/2019,21.85,CTG,21.95,22.15,21.8,6736500
18/07/2019,21.65,CTG,21.7,21.9,21.65,2817020
17/07/2019,21.9,CTG,21.8,22,21.65,4406650
16/07/2019,21.7,CTG,21.5,21.75,21.5,5202320
15/07/2019,21.5,CTG,21.45,21.6,21.35,1998860
12/7/2019,21.45,CTG,21.6,21.75,21.35,3416020
11/7/2019,21.55,CTG,21.1,21.65,21.1,5419950
10/7/2019,21,CTG,21,21.3,21,2666090
9/7/2019,20.95,CTG,20.9,21.1,20.85,2437260
8/7/2019,20.9,CTG,21.15,21.15,20.75,3247610
5/7/2019,21.15,CTG,21.15,21.45,21,3183640
4/7/2019,21.15,CTG,21.15,21.25,20.95,2421940
3/7/2019,21.05,CTG,20.7,21.15,20.65,4071120
2/7/2019,20.8,CTG,21,21.15,20.75,2581680
1/7/2019,20.85,CTG,20.45,20.85,20.3,3636530
28/06/2019,19.5,CTG,20.7,20.75,19.5,4143360
27/06/2019,20.65,CTG,20.85,20.9,20.6,4239030
26/06/2019,20.9,CTG,20.95,21.35,20.9,3109850
25/06/2019,21.05,CTG,21.15,21.4,21.05,3629470
24/06/2019,21.4,CTG,21.35,21.5,21.15,3859260
21/06/2019,21.4,CTG,21.2,21.4,20.95,4663670
20/06/2019,21,CTG,20.25,21,20.2,5390770
19/06/2019,20.25,CTG,20.4,20.5,20.25,1428770
18/06/2019,20.25,CTG,20.5,20.6,20.25,1778110
17/06/2019,20.45,CTG,20.4,20.6,20.35,2429080
14/06/2019,20.3,CTG,20.25,20.6,20.15,2793720
13/06/2019,20.15,CTG,20.2,20.35,20.15,1334410
12/6/2019,20.25,CTG,20.45,20.5,20.25,1213370
11/6/2019,20.5,CTG,20.5,20.55,20.45,1143400
10/6/2019,20.5,CTG,20.7,20.75,20.45,2476670
7/6/2019,20.45,CTG,20.4,20.45,20.3,1389360
6/6/2019,20.3,CTG,20.1,20.35,19.95,1981740
5/6/2019,20.1,CTG,20.3,20.55,20.1,1915720
4/6/2019,20,CTG,20,20.2,19.9,2031330
3/6/2019,19.9,CTG,20.1,20.35,19.9,3077110
31/05/2019,20.3,CTG,20.75,20.75,20.3,2022410
30/05/2019,20.65,CTG,20.6,20.85,20.5,1569920
29/05/2019,20.65,CTG,20.9,20.95,20.65,2326330
28/05/2019,21,CTG,21.2,21.2,20.9,2024820
27/05/2019,21.2,CTG,21.15,21.25,21,1710820
24/05/2019,21.2,CTG,21.35,21.5,21.2,2200020
23/05/2019,21.5,CTG,21.5,21.6,21.3,1878120
22/05/2019,21.55,CTG,21.3,21.7,21.25,4998510
21/05/2019,21.25,CTG,21.35,21.5,21.2,2301740
20/05/2019,21.35,CTG,21.2,21.5,21.1,2854020
17/05/2019,21.2,CTG,21.1,21.35,21,2576280
16/05/2019,21.1,CTG,21.15,21.35,21,2446250
15/05/2019,21.15,CTG,20.65,21.15,20.65,3676840
14/05/2019,20.55,CTG,20.25,20.65,20.25,2101030
13/05/2019,20.45,CTG,20.4,20.85,20.3,1929660
10/5/2019,20.3,CTG,20.2,20.5,20.15,1696620
9/5/2019,20.1,CTG,20.4,20.6,20.05,1996910
8/5/2019,20.45,CTG,20.15,20.45,20.1,1787060
7/5/2019,20.4,CTG,20.5,20.8,20.25,1493980
6/5/2019,20.45,CTG,20.6,20.7,20.35,2472430
3/5/2019,20.9,CTG,20.9,21.15,20.85,1724730
2/5/2019,21,CTG,21.3,21.3,20.9,1919560
26/04/2019,21.25,CTG,21.05,21.3,21,1447680
25/04/2019,21.05,CTG,21.3,21.4,21.05,1295490
24/04/2019,21.4,CTG,21.1,21.55,21,2446780
23/04/2019,20.85,CTG,20.7,21.2,20.5,2447700
22/04/2019,20.5,CTG,20.8,21,20.45,2309880
19/04/2019,20.8,CTG,21.15,21.25,20.8,2009050
18/04/2019,21,CTG,21.35,21.5,20.9,3812000
17/04/2019,21.45,CTG,21.65,21.85,21.45,2156930
16/04/2019,21.55,CTG,21.6,21.7,21.3,3150240
12/4/2019,21.85,CTG,21.9,22.05,21.85,1535700
11/4/2019,21.95,CTG,21.9,22.25,21.85,2063740
10/4/2019,21.9,CTG,21.9,22.15,21.85,2240010
9/4/2019,22.15,CTG,22.4,22.6,22.15,3894020
8/4/2019,22.3,CTG,21.9,22.3,21.85,2617240
5/4/2019,21.9,CTG,22.1,22.25,21.9,2353340
4/4/2019,22,CTG,22.1,22.3,21.7,2028650
3/4/2019,21.8,CTG,21.85,21.95,21.6,5020300
2/4/2019,22,CTG,22.5,22.55,22,2530940
1/4/2019,22.25,CTG,22.55,22.55,22.15,2773610
29/03/2019,22.45,CTG,22.75,22.8,22.4,4161570
28/03/2019,22.65,CTG,22.3,22.75,22.3,2594400
27/03/2019,22.5,CTG,22.5,22.8,22.3,3367730
26/03/2019,22.35,CTG,22.45,22.65,22.2,2997150
25/03/2019,22.15,CTG,22,22.2,21.65,7191300
22/03/2019,22.5,CTG,22.35,22.6,22.05,6185060
21/03/2019,22.1,CTG,23,23.1,22.1,7177690
20/03/2019,23,CTG,22.9,23.15,22.55,9015900
19/03/2019,23.1,CTG,23.4,23.4,22.95,7499460
18/03/2019,23.4,CTG,22.9,23.45,22.85,10114160
15/03/2019,22.7,CTG,22.3,22.9,22.2,8573740
14/03/2019,22.5,CTG,22.5,22.75,22.35,5173620
13/03/2019,22.55,CTG,22.35,22.75,22.1,14616340
12/3/2019,22.1,CTG,21.3,22.1,21,9098570
11/3/2019,21.1,CTG,21.2,21.3,21,3180430
8/3/2019,21.2,CTG,21.3,21.5,21.15,5363050
7/3/2019,21.5,CTG,21.5,21.7,21.35,8034740
6/3/2019,21.3,CTG,21.3,21.4,21.1,3602700
5/3/2019,21.25,CTG,21.2,21.7,21.05,7944430
4/3/2019,21.2,CTG,20.9,21.35,20.85,6800970
1/3/2019,20.8,CTG,20.9,20.95,20.65,4475980
28/02/2019,20.8,CTG,21.15,21.25,20.65,8048820
27/02/2019,21.15,CTG,21.45,21.45,21.1,5029720
26/02/2019,21.35,CTG,21.2,21.45,21,6554030
25/02/2019,21.3,CTG,21.5,21.6,21.3,5931030
22/02/2019,21.1,CTG,20.4,21.2,20.2,13187550
21/02/2019,20.4,CTG,20.65,20.65,20.3,7146910
20/02/2019,20.6,CTG,20.5,20.9,20.45,5477410
19/02/2019,20.5,CTG,20.85,21.05,20.5,8892610
18/02/2019,20.9,CTG,20.9,21.2,20.8,6827190
15/02/2019,20.8,CTG,20.7,21.1,20.6,4246880
14/02/2019,20.85,CTG,20.9,21.1,20.8,5036130
13/02/2019,20.85,CTG,20.8,21.25,20.75,7588170
12/2/2019,20.85,CTG,20.7,21.25,20.6,7612990
11/2/2019,20.7,CTG,20.6,20.9,20.3,3647470
1/2/2019,20.1,CTG,19.5,20.15,19.5,3635060
31/01/2019,19.7,CTG,20.55,20.65,19.6,9039900
30/01/2019,20.45,CTG,20.75,20.85,20.45,2573630
29/01/2019,20.75,CTG,20.25,20.8,20.1,6598310
28/01/2019,20.35,CTG,20.2,20.45,20.1,4441160
25/01/2019,20.2,CTG,20.4,20.6,20.05,5976710
24/01/2019,20.45,CTG,20,20.5,19.9,8813040
23/01/2019,19.95,CTG,19.45,20.05,19.3,6937940
22/01/2019,19.55,CTG,19.7,20.1,19.45,9145450
21/01/2019,19.45,CTG,18.35,19.45,18.3,11448210
18/01/2019,18.2,CTG,18.6,18.6,18.2,3403750
17/01/2019,18.45,CTG,18.7,18.9,18.45,3172300
16/01/2019,18.7,CTG,19,19.1,18.6,3652310
15/01/2019,18.9,CTG,18.8,19.1,18.75,3074470
14/01/2019,18.8,CTG,18.6,19.05,18.55,4808180
11/1/2019,18.8,CTG,18.8,19.25,18.7,4025750
10/1/2019,18.85,CTG,18.4,19.15,18.3,7326460
9/1/2019,18.35,CTG,18,18.7,17.9,5954880
8/1/2019,17.9,CTG,18.25,18.25,17.8,5636280
7/1/2019,18.15,CTG,18.8,18.8,18.15,3982660
4/1/2019,18.35,CTG,18.05,18.55,17.7,3804290
3/1/2019,18.1,CTG,19,19.2,18.05,5513360
2/1/2019,19,CTG,19.25,19.45,19,2420340
28/12/2018,19.3,CTG,19.5,19.7,19.25,2310660
27/12/2018,19.35,CTG,20,20.05,19.35,3841050
26/12/2018,19.3,CTG,19.9,20,19.15,3119010
25/12/2018,19.7,CTG,19.8,19.9,19.15,4603010
24/12/2018,20.35,CTG,20.6,21,20.3,2764900
21/12/2018,20.85,CTG,20.1,20.85,20.05,3621750
20/12/2018,20.2,CTG,20.5,20.9,20.05,6187230
19/12/2018,20.4,CTG,21.35,21.45,19.95,11210140
18/12/2018,21.45,CTG,21.3,21.85,21.2,4927320
17/12/2018,21.65,CTG,22,22.15,21.6,5481050
14/12/2018,22.35,CTG,23,23.2,22.1,11320020
13/12/2018,23.15,CTG,23.55,23.7,23.15,4164600
12/12/2018,23.5,CTG,23.45,23.5,23.3,2314550
11/12/2018,23.3,CTG,23.1,23.4,23.05,3255860
10/12/2018,23.1,CTG,23.6,23.75,23.1,6683070
7/12/2018,24.05,CTG,24.05,24.4,23.95,4313800
6/12/2018,23.95,CTG,23.95,24.15,23.75,4251890
5/12/2018,24.1,CTG,23.5,24.4,23.5,5058040
4/12/2018,23.9,CTG,24.05,24.3,23.7,4049780
3/12/2018,24.15,CTG,23.6,24.2,23.5,6826140
30/11/2018,23,CTG,22.75,23.25,22.7,3545150
29/11/2018,22.85,CTG,22.95,23.2,22.7,4180120
28/11/2018,22.75,CTG,22.3,22.75,22.3,2457300
27/11/2018,22.3,CTG,22.7,22.85,22.15,2219900
26/11/2018,22.5,CTG,22.4,22.65,22.4,1762420
23/11/2018,22.45,CTG,22.85,23.1,22.45,3174400
22/11/2018,22.95,CTG,23.6,23.6,22.95,3322210
21/11/2018,23.3,CTG,22.8,23.5,22.75,3479650
20/11/2018,23.2,CTG,22.7,23.45,22.65,4890140
19/11/2018,23.05,CTG,22.15,23.05,21.95,5513170
16/11/2018,21.95,CTG,21.6,22.15,21.4,3063290
15/11/2018,21.25,CTG,21.2,21.7,21,3721830
14/11/2018,21.2,CTG,22,22.35,20.95,5671640
13/11/2018,22,CTG,22,22.4,22,3311180
12/11/2018,22.45,CTG,22.5,22.65,22.1,2365260
9/11/2018,22.6,CTG,22.9,23.25,22.55,3077020
8/11/2018,23.2,CTG,23.7,23.75,23.2,2690030
7/11/2018,23.25,CTG,23.25,23.5,22.85,2753710
6/11/2018,23.25,CTG,23.7,23.8,23.25,2694510
5/11/2018,23.5,CTG,23.2,23.55,23.15,2120240
2/11/2018,23.5,CTG,23,23.8,22.95,4558920
1/11/2018,22.85,CTG,23.5,23.55,22.8,2567210
31/10/2018,23.4,CTG,22.6,23.4,22.4,5805250
30/10/2018,22.2,CTG,22.1,22.55,22,2528950
29/10/2018,22.1,CTG,22.3,22.75,22.1,3684150
26/10/2018,22.5,CTG,23.4,23.4,22.5,1995490
25/10/2018,23,CTG,22.4,23.15,22.1,4766130
24/10/2018,23.2,CTG,23.65,23.95,23.2,3019740
23/10/2018,23.65,CTG,24.4,24.4,23.25,5920090
22/10/2018,24.45,CTG,24.9,25,24.45,2097350
19/10/2018,24.7,CTG,24.5,24.9,24.2,3112080
18/10/2018,24.85,CTG,25,25.5,24.85,3109490
17/10/2018,25.3,CTG,25.6,25.7,25.25,3206460
16/10/2018,25.15,CTG,24.8,25.15,24.7,2005520
15/10/2018,24.75,CTG,25.4,25.5,24.75,2884750
12/10/2018,25.4,CTG,24.2,25.4,24.1,5389190
11/10/2018,24.6,CTG,25.2,25.7,24.6,12082520
10/10/2018,26.45,CTG,26.8,26.85,26.35,3546520
9/10/2018,26.7,CTG,26.85,27,26.6,3336170
8/10/2018,26.85,CTG,26.9,27.25,26.8,4657990
5/10/2018,27.1,CTG,27.7,27.8,27.1,5198350
4/10/2018,27.7,CTG,27.85,27.9,27.55,3473930
3/10/2018,27.5,CTG,27.3,27.7,27.25,4127150
2/10/2018,27.1,CTG,27.05,27.45,26.65,7746060
1/10/2018,27.05,CTG,27.6,27.8,26.8,6461870
28/09/2018,27.55,CTG,27.7,28.1,27.55,6073370
27/09/2018,27.6,CTG,27.8,27.95,27.55,4772170
26/09/2018,27.65,CTG,27.75,28.2,27.65,5824170
25/09/2018,27.8,CTG,27.8,28.2,27.65,5786020
24/09/2018,28,CTG,28.1,28.3,27.8,4332530
21/09/2018,28.1,CTG,27.6,28.3,27.5,11683350
20/09/2018,27.45,CTG,26.9,27.45,26.7,5641050
19/09/2018,26.8,CTG,27.2,27.3,26.8,5157360
18/09/2018,26.9,CTG,26.5,26.9,26.25,3675180
17/09/2018,26.6,CTG,26.95,26.95,26.6,2912850
14/09/2018,26.95,CTG,26.9,27.35,26.8,6677120
13/09/2018,26.65,CTG,26.8,27.1,26.55,4491540
12/9/2018,26.5,CTG,27.15,27.2,26.5,4889210
11/9/2018,26.95,CTG,26.1,27.1,26.1,6257740
10/9/2018,26.2,CTG,26.45,26.6,26.1,2733190
7/9/2018,26.5,CTG,25.8,26.55,25.75,4308610
6/9/2018,25.9,CTG,26.1,26.25,25.7,3629360
5/9/2018,26.05,CTG,25.9,26.3,25.7,6678740
4/9/2018,25.9,CTG,26.95,27.1,25.9,8071290
31/08/2018,27.15,CTG,27.55,27.7,26.95,5595720
30/08/2018,27.6,CTG,27,27.95,26.9,7422130
29/08/2018,27,CTG,27.25,27.3,26.9,5534930
28/08/2018,27.25,CTG,27.3,27.45,27.1,6284270
27/08/2018,27.2,CTG,26.45,27.4,26.35,9437840
24/08/2018,26.1,CTG,26.05,26.6,25.55,8362470
23/08/2018,26.1,CTG,26.25,26.45,25.85,6138470
22/08/2018,26.25,CTG,26.55,26.8,26.05,6502340
21/08/2018,26.5,CTG,25.6,26.5,25.4,7109240
20/08/2018,25.7,CTG,25.95,26.25,25.7,5328040
17/08/2018,26,CTG,26.7,26.85,26,8647290
16/08/2018,26.15,CTG,24.8,26.3,24.5,11227630
15/08/2018,25.2,CTG,25.85,26.3,25,9774410
14/08/2018,25.3,CTG,25.8,26.05,25.3,5458820
13/08/2018,25.75,CTG,24.25,25.75,24.15,11399080
10/8/2018,24.25,CTG,23.9,24.3,23.8,4512160
9/8/2018,24.05,CTG,24.2,24.55,24,7031950
8/8/2018,23.95,CTG,23.15,23.95,23.1,5566440
7/8/2018,23.05,CTG,22.6,23.5,22.6,3590660
6/8/2018,22.85,CTG,22.8,23.3,22.6,3045600
3/8/2018,22.85,CTG,23.15,23.35,22.8,3338160
2/8/2018,22.95,CTG,23,23.15,22.6,4459080
1/8/2018,23.2,CTG,23.6,23.75,23,4143490
31/07/2018,23.6,CTG,23.8,24.2,23.45,5360140
30/07/2018,23.85,CTG,23.7,23.9,23.45,3005450
27/07/2018,23.4,CTG,23.3,23.8,22.95,3661800
26/07/2018,23,CTG,22.8,23.1,22.6,3833150
25/07/2018,22.8,CTG,23.9,23.9,22.8,4438080
24/07/2018,23.55,CTG,23.7,23.9,23.15,4694830
23/07/2018,23.6,CTG,24.5,25,23.6,4660480
20/07/2018,24.7,CTG,24,24.75,23.6,7175250
19/07/2018,24.4,CTG,24.5,24.95,24.3,6561280
18/07/2018,24.9,CTG,24.2,24.9,24.1,5547380
17/07/2018,24,CTG,22.6,24.1,22.35,9663380
16/07/2018,22.8,CTG,23,23.2,22.6,5097690
13/07/2018,22.6,CTG,22.4,23,22.25,5166290
12/7/2018,21.8,CTG,21,22.35,20.85,4607140
11/7/2018,20.9,CTG,21.5,21.8,20.85,6419960
10/7/2018,22.35,CTG,22.2,22.7,22,4742620
9/7/2018,22.1,CTG,22.55,22.9,22,5856660
6/7/2018,21.9,CTG,20.5,21.9,20.3,7482830
5/7/2018,20.5,CTG,21.7,21.9,20.45,5581570
4/7/2018,21.9,CTG,21.9,21.9,21,4173250
3/7/2018,21.5,CTG,23.1,23.3,21.5,12604080
2/7/2018,23.1,CTG,24,24.2,22.7,5922700
29/06/2018,24.25,CTG,24.6,24.85,24.1,3131100
28/06/2018,24.3,CTG,25,25.25,24.05,5529200
27/06/2018,25,CTG,26.05,26.3,25,2295230
26/06/2018,26,CTG,26,26.25,25.75,2269630
25/06/2018,26.35,CTG,26.4,26.75,26.2,3968730
22/06/2018,25.9,CTG,25,25.9,25,3017090
21/06/2018,25.35,CTG,26.1,26.2,25.3,2439860
20/06/2018,26.15,CTG,25.6,26.25,25.1,3539880
19/06/2018,25.4,CTG,25.5,25.55,24.05,8256400
18/06/2018,25.85,CTG,27,27.3,25.85,4602800
15/06/2018,27.1,CTG,26.5,27.2,26.3,2911510
14/06/2018,26.8,CTG,27.4,27.65,26.8,3232350
13/06/2018,27.45,CTG,27.4,27.75,27.05,2888490
12/6/2018,27.4,CTG,27.8,27.9,26.55,8799030
11/6/2018,28.05,CTG,28.2,28.75,28.05,4624690
8/6/2018,28.55,CTG,28,28.75,28,4767490
7/6/2018,28.35,CTG,29.1,29.1,28.3,5969420
6/6/2018,28.95,CTG,28.4,29.25,28.1,5455670
5/6/2018,28.4,CTG,27.95,28.7,27.8,7849780
4/6/2018,27.95,CTG,27.4,28.1,27.05,5865720
1/6/2018,27.45,CTG,26.8,28.15,26.7,7380970
31/05/2018,27.1,CTG,25.6,27.25,25.6,5455510
30/05/2018,25.65,CTG,26,26.65,25.55,4720830
29/05/2018,26.05,CTG,25.3,26.05,24.45,6822120
28/05/2018,24.35,CTG,25.5,25.9,24.35,7903690
25/05/2018,26.15,CTG,27.5,27.7,26.1,4572900
24/05/2018,27.35,CTG,28,28.2,27.1,2609650
23/05/2018,28,CTG,26.7,28,26.65,5200740
22/05/2018,27.1,CTG,28.2,28.75,27,6389160
21/05/2018,28.8,CTG,29.6,29.7,28.8,2892620
18/05/2018,29.45,CTG,29.5,29.65,28.15,5007410
17/05/2018,29.2,CTG,29.2,29.55,28.8,4363180
16/05/2018,29.1,CTG,29.7,29.85,28.8,6053700
15/05/2018,29.85,CTG,29.55,30.2,29.35,5313260
14/05/2018,29.5,CTG,29.85,29.9,29.1,3612060
11/5/2018,29.4,CTG,27.9,29.95,27.45,8676620
10/5/2018,28,CTG,29.8,30.2,28,7044560
9/5/2018,30,CTG,30,30.7,29.55,4247880
8/5/2018,30.4,CTG,30.05,31.3,30,8128930
7/5/2018,30.45,CTG,28.6,30.45,28.45,6311980
4/5/2018,28.5,CTG,29.2,29.4,28.3,4309260
3/5/2018,29,CTG,27.25,29,25.8,9431320
2/5/2018,27.25,CTG,29.7,29.7,27.25,5398180
27/04/2018,29.3,CTG,28.25,29.55,27.85,5541550
26/04/2018,28.25,CTG,30.35,30.5,28.25,8261420
24/04/2018,30.35,CTG,30.3,31.7,29.8,5706980
23/04/2018,31.2,CTG,33.5,33.8,31.2,5666300
20/04/2018,33.5,CTG,32.2,33.5,31.4,4349720
19/04/2018,31.6,CTG,33.5,33.55,31.4,9517160
18/04/2018,33.55,CTG,35.2,35.25,33.55,3917470
17/04/2018,34.8,CTG,34.1,34.8,33.65,3718370
16/04/2018,34,CTG,34.2,34.9,33.2,4681650
13/04/2018,34.2,CTG,36,36.1,34.15,8955730
12/4/2018,35.7,CTG,35.4,36.05,35.05,6157460
11/4/2018,35.7,CTG,37.5,37.8,35.7,9276770
10/4/2018,37.3,CTG,38,38.25,37.05,6795480
9/4/2018,37.7,CTG,35.9,37.7,35.6,12738930
6/4/2018,35.7,CTG,36.1,36.4,35.65,5822740
5/4/2018,35.6,CTG,36.2,36.2,35.5,4491490
4/4/2018,35.9,CTG,36.6,36.7,35.8,6987490
3/4/2018,36.3,CTG,36.2,36.5,35.9,5850150
2/4/2018,36.2,CTG,35.1,36.3,35.1,7508660
30/03/2018,34.6,CTG,35,35.05,34.05,5396860
29/03/2018,35,CTG,35.5,35.5,34.8,4348190
28/03/2018,35.2,CTG,35.4,35.9,35.1,4854050
27/03/2018,35.8,CTG,36.5,36.7,35.75,7589490
26/03/2018,35.8,CTG,34.8,35.8,34.6,7784740
23/03/2018,34.95,CTG,34.7,35.4,33.85,13238950
22/03/2018,35.8,CTG,36.4,36.45,35.5,9074600
21/03/2018,36.2,CTG,36.5,36.7,35.9,8752910
20/03/2018,36,CTG,35.85,36.5,35.8,9728470
19/03/2018,36.3,CTG,37.35,37.35,35.8,11655870
16/03/2018,36.7,CTG,37,37.2,36.15,7631290
15/03/2018,36.6,CTG,35.2,37,35,9348680
14/03/2018,35.55,CTG,36,36.6,35.3,8598930
13/03/2018,35.7,CTG,33.5,35.7,33.45,14039020
12/3/2018,33.45,CTG,33.2,33.8,33,9131840
9/3/2018,32.4,CTG,32.3,32.95,32.1,9019810
8/3/2018,31.7,CTG,31.2,32.1,31.2,4450530
7/3/2018,31.5,CTG,32.3,32.75,31.15,8743530
6/3/2018,32.3,CTG,31.3,32.3,30.7,8655290
5/3/2018,30.5,CTG,33.2,33.2,30.5,14397300
2/3/2018,32.7,CTG,31.9,33.3,31.8,16332340
1/3/2018,32.7,CTG,33,34.55,32.45,20611220
28/02/2018,33.6,CTG,31.5,34.25,31.5,18780330
27/02/2018,32.1,CTG,30.8,32.1,30.3,18420040
26/02/2018,30.7,CTG,31.2,31.6,30.4,15151800
23/02/2018,30.4,CTG,29.4,30.4,29,13718750
22/02/2018,28.65,CTG,27.5,29.55,27.5,18022260
21/02/2018,27.85,CTG,28,28.9,27.45,11195110
13/02/2018,27.2,CTG,27,27.2,26.6,4107030
12/2/2018,26.2,CTG,25.5,26.2,25.4,3613760
9/2/2018,24.5,CTG,23.1,24.7,23.05,4778760
8/2/2018,24.5,CTG,25.3,25.75,24.5,3171590
7/2/2018,25.75,CTG,25.5,26.05,25.1,5755430
6/2/2018,24.35,CTG,24.25,25.5,24.25,11384030
5/2/2018,26.05,CTG,27.5,28,26.05,7735310
2/2/2018,28,CTG,27.6,28.25,27.3,8967630
1/2/2018,27.25,CTG,27.7,28.4,27.1,7765160
31/01/2018,27.2,CTG,28.65,29.1,27.2,8587080
30/01/2018,28.05,CTG,27.5,28.2,27.3,6537380
29/01/2018,28.3,CTG,27.4,28.75,27.3,9535190
26/01/2018,27.3,CTG,27.4,27.75,26.85,8629440
25/01/2018,26.75,CTG,26.1,27.5,25.9,12632930
22/01/2018,25.75,CTG,25.6,25.9,25.4,2806440
19/01/2018,25.3,CTG,25.5,25.75,25.05,4243980
18/01/2018,25.5,CTG,25,25.5,24.2,4941490
17/01/2018,25.2,CTG,26.6,26.8,25.2,5012930
16/01/2018,26.6,CTG,26.1,26.95,26.1,7707220
15/01/2018,26.1,CTG,25.5,26.35,24.95,4812150
12/1/2018,25.6,CTG,25.7,26.35,25.45,5148990
11/1/2018,25.65,CTG,25.2,25.9,25,4187120
10/1/2018,25.5,CTG,25.6,26.2,25.2,9619750
9/1/2018,25.7,CTG,25.8,25.85,24,6561230
8/1/2018,25.7,CTG,25.1,25.9,24.95,5017740
5/1/2018,25.1,CTG,25.5,25.6,25,3071940
4/1/2018,25.7,CTG,24.8,25.7,24.65,4995490
3/1/2018,24.8,CTG,25.1,25.25,24.45,3941230
2/1/2018,24.95,CTG,24.2,25,23.85,3966440
29/12/2017,24.2,CTG,24.4,24.45,23.75,3806720
28/12/2017,24.25,CTG,23.5,24.25,23.2,2726960
27/12/2017,23.3,CTG,23.3,23.7,23.15,3245260
26/12/2017,23.15,CTG,22.4,23.2,22.2,3050860
25/12/2017,22.2,CTG,22.35,22.5,22,923090
22/12/2017,22.3,CTG,21.75,22.4,21.75,2121410
21/12/2017,22.1,CTG,22.6,22.6,22.1,1430880
20/12/2017,22.45,CTG,22,22.6,21.6,1899870
19/12/2017,22.05,CTG,22.7,22.7,22,2591650
18/12/2017,22.5,CTG,22.15,22.65,22.1,2289700
15/12/2017,21.9,CTG,21.7,22.2,21.7,2132900
14/12/2017,22,CTG,21,22.1,20.85,2318980
13/12/2017,20.85,CTG,21.6,21.6,20.85,1512990
12/12/2017,21.4,CTG,21.4,21.9,19.95,4351440
11/12/2017,21.4,CTG,22.6,22.9,21.4,2925210
8/12/2017,23,CTG,23.2,23.35,22.8,1735210
7/12/2017,23.3,CTG,23.5,23.6,22.9,1344350
6/12/2017,23.5,CTG,23.5,23.65,22.9,3331870
5/12/2017,23.5,CTG,24.25,24.5,23.45,4035460
4/12/2017,24.25,CTG,24.3,24.4,24.05,5980970
1/12/2017,24.05,CTG,24.3,24.4,23.95,2577080
30/11/2017,24.3,CTG,24.4,25,24,5558850
29/11/2017,24.1,CTG,23.1,24.1,23.05,6301250
28/11/2017,23.1,CTG,23.4,23.4,22.7,3515960
27/11/2017,23.4,CTG,23.25,23.5,23.15,3818950
24/11/2017,23.4,CTG,23.2,24,23.2,6220670
23/11/2017,23.7,CTG,23.1,24.1,22.8,4993910
22/11/2017,22.65,CTG,21.3,22.65,21.25,4538190
21/11/2017,21.2,CTG,21,21.6,20.9,5021360
20/11/2017,20.8,CTG,20.7,20.95,20.6,1631580
17/11/2017,20.6,CTG,21.1,21.2,20.55,3115450
16/11/2017,21,CTG,20.7,21,20.7,3825870
15/11/2017,20.8,CTG,20.8,20.9,20.65,2307390
14/11/2017,20.9,CTG,20.45,21,20.4,2725640
13/11/2017,20.4,CTG,20.6,20.6,20.25,3130510
10/11/2017,20.4,CTG,19.8,20.6,19.6,4956130
9/11/2017,19.7,CTG,19.9,19.95,19.55,1263570
8/11/2017,19.9,CTG,19.4,20,19.4,4277710
7/11/2017,19.5,CTG,19.3,19.75,19.3,3253350
6/11/2017,19.4,CTG,18.95,19.4,18.75,2844000
3/11/2017,18.75,CTG,18.5,18.75,18.4,1098240
2/11/2017,18.5,CTG,18.85,19.1,18.5,1511390
1/11/2017,18.8,CTG,18.75,18.95,18.7,833680
31/10/2017,18.75,CTG,18.9,19,18.75,928260
30/10/2017,18.95,CTG,19.25,19.4,18.95,2370310
27/10/2017,19.1,CTG,18.75,19.1,18.75,757670
26/10/2017,18.8,CTG,19.15,19.15,18.8,1340130
25/10/2017,19.1,CTG,18.95,19.15,18.85,1403530
24/10/2017,18.85,CTG,18.8,19.05,18.8,932500
23/10/2017,18.95,CTG,19.45,19.65,18.9,1928540
20/10/2017,19.45,CTG,19.45,19.65,19.3,1536340
19/10/2017,19.5,CTG,19.5,19.6,19.35,1161020
18/10/2017,19.5,CTG,19.6,19.85,19.4,3831330
17/10/2017,19.4,CTG,19.1,19.45,19.1,3031680
16/10/2017,19.15,CTG,19,19.2,19,1573280
13/10/2017,19,CTG,18.85,19,18.7,601900
12/10/2017,18.85,CTG,18.9,19,18.85,617660
11/10/2017,18.9,CTG,19.1,19.2,18.85,1764540
10/10/2017,19.1,CTG,19.1,19.15,18.95,1683150
9/10/2017,19.2,CTG,19.2,19.35,19.15,1696810
6/10/2017,19.1,CTG,18.75,19.15,18.75,1040800
5/10/2017,18.9,CTG,19,19.25,18.85,2000400
4/10/2017,18.8,CTG,18.45,18.8,18.4,856890
3/10/2017,18.4,CTG,18.45,18.6,18.3,648210
2/10/2017,18.45,CTG,18.5,18.8,18.45,627190
29/09/2017,18.5,CTG,18.5,18.65,18.4,740690
28/09/2017,18.5,CTG,18.7,18.9,18.5,875410
27/09/2017,18.8,CTG,19.1,19.1,18.8,1170000
26/09/2017,19.45,CTG,19.4,19.65,19.25,1487760
25/09/2017,19.4,CTG,19.55,19.6,19.35,1507280
22/09/2017,19.55,CTG,19.8,19.95,19.55,3031000
21/09/2017,19.8,CTG,19.4,19.8,19.4,2217490
20/09/2017,19.5,CTG,19.35,19.6,19.25,1592350
19/09/2017,19.3,CTG,19.05,19.5,19.05,2042660
18/09/2017,19.15,CTG,18.9,19.35,18.9,3083780
15/09/2017,18.7,CTG,18.75,18.75,18.65,561770
14/09/2017,18.75,CTG,18.6,18.8,18.6,1563930
13/09/2017,18.6,CTG,18.65,18.75,18.55,1068550
12/9/2017,18.65,CTG,18.6,18.75,18.55,711660
11/9/2017,18.55,CTG,18.75,18.85,18.5,1130490
8/9/2017,18.75,CTG,18.9,19,18.75,1102880
7/9/2017,18.9,CTG,18.75,19.05,18.75,925180
6/9/2017,18.75,CTG,18.9,18.9,18.65,1004380
5/9/2017,18.9,CTG,19,19.05,18.8,855200
1/9/2017,19.05,CTG,19.05,19.35,18.95,2074380
31/08/2017,19.05,CTG,18.65,19.2,18.6,2375340
30/08/2017,18.55,CTG,18.6,18.7,18.55,624790
29/08/2017,18.7,CTG,18.8,18.9,18.65,1485040
28/08/2017,18.85,CTG,18.85,18.9,18.65,1047150
25/08/2017,18.85,CTG,18.95,19.05,18.75,1455800
24/08/2017,18.9,CTG,18.3,18.95,18.25,2585570
23/08/2017,18.25,CTG,18.25,18.4,18.1,1722930
22/08/2017,18.25,CTG,18.55,18.55,18.25,1344850
21/08/2017,18.55,CTG,18.55,18.7,18.5,982260
18/08/2017,18.6,CTG,18.5,18.75,18.3,1447350
17/08/2017,18.55,CTG,18.85,19,18.55,1664970
16/08/2017,18.9,CTG,18.95,19.05,18.85,1198460
15/08/2017,19.05,CTG,19.25,19.35,19,1433540
14/08/2017,19.25,CTG,18.95,19.35,18.95,1354330
11/8/2017,19,CTG,18.65,19,18.5,2764010
10/8/2017,18.55,CTG,18.7,19,18.5,3819510
9/8/2017,18.8,CTG,19.5,19.6,18.7,4404510
8/8/2017,19.65,CTG,19.95,20.15,19.65,3342970
7/8/2017,19.95,CTG,20.05,20.1,19.75,2733760
4/8/2017,19.95,CTG,20.2,20.3,19.65,3531350
3/8/2017,20.15,CTG,20.25,20.6,20.1,5127760
2/8/2017,20.15,CTG,19.7,20.55,19.6,4382970
1/8/2017,20,CTG,20.4,20.4,20,2763120
31/07/2017,20.4,CTG,19.7,20.4,19.7,3214090
28/07/2017,19.5,CTG,19.3,19.75,19.25,2971010
27/07/2017,19.3,CTG,19.25,19.5,19.2,1928880
26/07/2017,19.45,CTG,19.25,19.65,19.1,2445580
25/07/2017,19.1,CTG,18.7,19.1,18.7,1131570
24/07/2017,18.6,CTG,18.6,18.75,18.5,752680
21/07/2017,18.6,CTG,19,19.25,18.6,1833150
20/07/2017,19,CTG,18.9,19,18.55,1705080
19/07/2017,18.9,CTG,18.85,18.9,18.7,1650820
18/07/2017,18.6,CTG,18.8,19,18.6,2311940
17/07/2017,18.8,CTG,19.35,19.4,18.6,2136590
14/07/2017,19.35,CTG,19.7,19.8,19.3,904080
13/07/2017,19.7,CTG,19.6,19.7,19.3,1014010
12/7/2017,19.5,CTG,19.7,19.7,19.3,682010
11/7/2017,19.6,CTG,19.5,19.7,19.2,1082800
10/7/2017,19.6,CTG,19.9,20.1,18.8,2645310
7/7/2017,19.9,CTG,20.35,20.5,19.9,1805000
6/7/2017,20.25,CTG,20.4,20.5,20.25,1606330
5/7/2017,20.4,CTG,20.5,20.5,20.25,1118490
4/7/2017,20.35,CTG,20.7,20.7,20.25,708720
3/7/2017,20.65,CTG,20.3,20.65,20.2,2640680
30/06/2017,20.25,CTG,20.2,20.25,20.1,860890
29/06/2017,20.15,CTG,20,20.5,20,1535240
28/06/2017,20.15,CTG,20.1,20.2,19.7,1301680
27/06/2017,20,CTG,20.3,20.4,20,1475230
26/06/2017,20.25,CTG,19.95,20.55,19.95,1228390
23/06/2017,20,CTG,19.9,20,19.65,1351710
22/06/2017,19.95,CTG,20.3,20.45,19.95,1834770
21/06/2017,20.25,CTG,20.9,20.9,19.9,2667760
20/06/2017,20.9,CTG,20.9,20.95,20.65,1962690
19/06/2017,20.7,CTG,20.55,20.8,20.4,1575050
16/06/2017,20.4,CTG,20.25,20.6,20.25,982090
15/06/2017,20.45,CTG,20.2,20.9,20.2,2805430
14/06/2017,20.25,CTG,20,20.45,20,3179340
13/06/2017,19.8,CTG,19.5,19.9,19.35,1257110
12/6/2017,19.5,CTG,19.5,19.7,19.3,1164340
9/6/2017,19.4,CTG,19.55,19.85,19.4,1210820
8/6/2017,19.55,CTG,19.8,19.9,19.4,1285490
7/6/2017,19.9,CTG,19.3,20.05,19.3,6095440
6/6/2017,19.2,CTG,18.85,19.25,18.7,1433850
5/6/2017,18.8,CTG,19,19.1,18.75,968510
2/6/2017,18.7,CTG,18.7,18.75,18.45,1569140
1/6/2017,18.65,CTG,18.8,19.1,18.65,1658360
31/05/2017,18.8,CTG,18.9,19.15,18.7,1058830
30/05/2017,18.9,CTG,19.55,19.7,18.9,2589230
29/05/2017,19.55,CTG,19.15,19.9,19.15,5590140
26/05/2017,18.9,CTG,18.9,19.2,18.8,1376370
25/05/2017,18.9,CTG,19.25,19.4,18.85,2220180
24/05/2017,19.25,CTG,18.8,19.45,18.5,2068710
23/05/2017,18.7,CTG,19.2,19.45,18.7,1965190
22/05/2017,19.2,CTG,18.5,19.45,18.3,5170640
19/05/2017,18.2,CTG,18,18.4,18,1091650
18/05/2017,17.95,CTG,17.8,18.25,17.75,933490
17/05/2017,17.75,CTG,17.75,18.05,17.6,654830
16/05/2017,17.8,CTG,17.95,18.2,17.7,815770
15/05/2017,18.1,CTG,18.15,18.2,17.85,1110290
12/5/2017,18.15,CTG,18,18.45,18,703260
11/5/2017,18.1,CTG,18.4,18.4,18.1,641050
10/5/2017,18.3,CTG,17.95,18.5,17.9,1931930
9/5/2017,17.95,CTG,17.65,18,17.6,844220
8/5/2017,17.75,CTG,17.7,17.9,17.6,703620
5/5/2017,17.75,CTG,17.7,17.85,17.65,421560
4/5/2017,17.8,CTG,17.5,18,17.4,973500
3/5/2017,17.5,CTG,17.55,17.6,17.35,474500
28/04/2017,17.35,CTG,17.3,17.65,17.2,692930
27/04/2017,17.3,CTG,17.2,17.4,17.2,410720
26/04/2017,17.2,CTG,17,17.3,17,475310
25/04/2017,17.1,CTG,17,17.3,16.95,286970
24/04/2017,17,CTG,17.1,17.2,17,363620
21/04/2017,17.1,CTG,17.4,17.4,17.05,652400
20/04/2017,17.4,CTG,17.4,17.55,17.15,453700
19/04/2017,17.3,CTG,17.25,17.4,17.25,497490
18/04/2017,17.3,CTG,17,17.3,16.95,1077960
17/04/2017,17,CTG,17.5,17.8,17,1623170
14/04/2017,17.5,CTG,17.6,17.75,17.4,1645800
13/04/2017,17.75,CTG,17.9,18.05,17.75,954120
12/4/2017,17.8,CTG,18,18.3,17.8,1144700
11/4/2017,18.1,CTG,17.9,18.15,17.75,1238960
10/4/2017,17.9,CTG,18,18.15,17.9,447310
7/4/2017,18,CTG,17.95,18.1,17.85,681240
5/4/2017,18,CTG,18.05,18.15,17.9,798240
4/4/2017,17.95,CTG,18.1,18.15,17.95,775940
3/4/2017,18,CTG,18.15,18.2,17.9,1573370
31/03/2017,18.1,CTG,18.45,18.45,18,1445170
30/03/2017,18.35,CTG,18.4,18.6,18.35,992300
29/03/2017,18.35,CTG,18.45,18.5,18.3,1098970
28/03/2017,18.5,CTG,18.8,18.9,18.4,992200
27/03/2017,18.8,CTG,19,19.25,18.7,1622690
24/03/2017,18.7,CTG,18.6,18.85,18.5,2471790
23/03/2017,18.5,CTG,18.35,18.55,18.25,932740
22/03/2017,18.35,CTG,18.7,18.9,18.35,2382120
21/03/2017,18.5,CTG,18.45,18.7,18.4,2470110
20/03/2017,18.3,CTG,18.2,18.4,18,1679060
17/03/2017,18.05,CTG,18,18.3,18,696990
16/03/2017,17.85,CTG,17.9,18.1,17.8,886330
15/03/2017,17.8,CTG,17.9,18.1,17.75,1048050
14/03/2017,17.9,CTG,17.9,18.1,17.8,1001120
13/03/2017,17.95,CTG,18.2,18.25,17.95,1059150
10/3/2017,18.2,CTG,18.4,18.65,18.2,969700
9/3/2017,18.4,CTG,18.35,18.7,18.35,1281380
8/3/2017,18.35,CTG,18.25,18.85,18.05,1972150
7/3/2017,18.3,CTG,18.25,18.5,18.25,844680
6/3/2017,18.4,CTG,18.45,18.7,18.3,1718240
3/3/2017,18.3,CTG,17.95,18.35,17.7,1754040
2/3/2017,17.95,CTG,18.2,18.2,17.9,816410
1/3/2017,18,CTG,18.2,18.25,17.75,1182670
28/02/2017,18.25,CTG,18.3,18.5,18.1,2586140
27/02/2017,18.3,CTG,17.9,18.45,17.85,1522540
24/02/2017,18.05,CTG,17.8,18.4,17.7,1407370
23/02/2017,17.9,CTG,18.1,18.15,17.5,2473690
22/02/2017,18,CTG,18.4,18.4,17.85,3853650
21/02/2017,18.3,CTG,18.7,18.85,18.3,2330830
20/02/2017,18.5,CTG,18.75,19,18.4,2694060
17/02/2017,18.9,CTG,19.2,19.3,18.85,2778190
16/02/2017,19.3,CTG,19.4,19.65,19,5808080
15/02/2017,19.3,CTG,18.65,19.4,18.65,4804180
14/02/2017,18.65,CTG,18.45,18.8,18.45,2680990
13/02/2017,18.5,CTG,18.55,18.65,18.35,1937220
10/2/2017,18.55,CTG,18.05,18.7,18,3566190
9/2/2017,18.05,CTG,17.95,18.2,17.95,1592330
8/2/2017,17.85,CTG,18.15,18.25,17.8,2904010
7/2/2017,18.15,CTG,18.2,18.65,18.1,3218470
6/2/2017,18.3,CTG,18.35,18.55,18.15,1384570
3/2/2017,18.45,CTG,18.7,18.9,18.2,2070490
2/2/2017,18.7,CTG,18.6,19,18.4,1314520
25/01/2017,18.55,CTG,18.5,18.75,18.1,2442780
24/01/2017,18.55,CTG,18.6,18.75,18.1,2109910
23/01/2017,18.3,CTG,17.9,19.05,17.85,2995710
20/01/2017,17.9,CTG,17.65,18.2,17.6,2339900
19/01/2017,17.65,CTG,17.1,17.65,17.1,1088370
18/01/2017,17.3,CTG,17.65,18.25,17.2,1624550
17/01/2017,17.65,CTG,16.8,17.65,16.75,3003990
16/01/2017,16.5,CTG,17,17,16.5,815390
13/01/2017,17.3,CTG,17.6,17.6,17.25,623490
12/1/2017,17.6,CTG,17.7,17.8,17.4,739950
11/1/2017,17.7,CTG,16.9,17.7,16.9,2008310
10/1/2017,16.9,CTG,17,17,16.8,693510
9/1/2017,17.1,CTG,17,17.3,16.8,1335810
6/1/2017,16.65,CTG,16.1,17.1,16.1,1151370
5/1/2017,16.5,CTG,16.3,16.5,16,892010
4/1/2017,16.4,CTG,16.4,16.6,16.1,1006570
3/1/2017,16.1,CTG,15.25,16.1,15.25,1008370
30/12/2016,15.05,CTG,15,15.25,14.9,430500
29/12/2016,15,CTG,15.1,15.3,15,882870
28/12/2016,15.2,CTG,15.2,15.25,15.1,538430
27/12/2016,15.2,CTG,15.15,15.25,15.1,263280
26/12/2016,15.15,CTG,15.2,15.3,15.05,326280
23/12/2016,15.2,CTG,15.05,15.2,14.95,481330
22/12/2016,15.1,CTG,15.25,15.3,15,517150
21/12/2016,15.2,CTG,15.25,15.4,15.1,702700
20/12/2016,15.25,CTG,15.3,15.6,15.25,555100
19/12/2016,15.3,CTG,15.2,15.6,15.15,882180
16/12/2016,15,CTG,14.95,15,14.85,465860
15/12/2016,14.85,CTG,14.8,15.4,14.7,616860
14/12/2016,14.65,CTG,14.6,14.85,14.6,453960
13/12/2016,14.6,CTG,15.1,15.1,14.55,675590
12/12/2016,15,CTG,15.5,15.5,14.8,894390
9/12/2016,15.4,CTG,15.55,15.7,15.4,581760
8/12/2016,15.55,CTG,15.65,16,15.55,562000
7/12/2016,15.65,CTG,15.7,15.8,15.6,607910
6/12/2016,15.7,CTG,16.05,16.2,15.7,692140
5/12/2016,16.05,CTG,16.3,16.3,16.05,687550
2/12/2016,16.15,CTG,16.25,16.35,16.15,589230
1/12/2016,16.2,CTG,16.1,16.25,16.1,441510
30/11/2016,16.1,CTG,16.05,16.2,16,379010
29/11/2016,16.05,CTG,16.05,16.25,16.05,452340
28/11/2016,16.1,CTG,16.3,16.3,16.05,334410
25/11/2016,16.25,CTG,16.5,16.5,16.2,728280
24/11/2016,16.4,CTG,16.65,16.75,16.3,322620
23/11/2016,16.75,CTG,16.7,16.8,16.65,412630
22/11/2016,16.75,CTG,16.5,16.75,16.45,532560
21/11/2016,16.55,CTG,16.25,16.55,16.25,591420
18/11/2016,16.25,CTG,16.25,16.35,16.15,284580
17/11/2016,16.25,CTG,16.4,16.5,16.25,569800
16/11/2016,16.4,CTG,16.6,16.6,16.4,167420
15/11/2016,16.5,CTG,16.5,16.55,16.45,225170
14/11/2016,16.5,CTG,16.55,16.55,16.45,303890
11/11/2016,16.45,CTG,16.6,16.65,16.45,316350
10/11/2016,16.6,CTG,16.45,16.65,16.45,669330
9/11/2016,16.45,CTG,16.6,16.7,16.35,482840
8/11/2016,16.55,CTG,16.7,16.8,16.55,302960
7/11/2016,16.7,CTG,16.6,16.75,16.6,230230
4/11/2016,16.6,CTG,16.7,16.7,16.6,155210
3/11/2016,16.6,CTG,16.65,16.7,16.6,346580
2/11/2016,16.7,CTG,16.75,16.85,16.65,401560
1/11/2016,16.75,CTG,16.85,16.95,16.6,279000
31/10/2016,16.85,CTG,17.2,17.2,16.8,248850
28/10/2016,17,CTG,16.9,17,16.6,997730
27/10/2016,16.6,CTG,16.95,17,16.6,818220
26/10/2016,16.95,CTG,17.2,17.2,16.95,378010
25/10/2016,17.2,CTG,17.4,17.4,17.1,632230
24/10/2016,17.3,CTG,17.15,17.45,17.15,825040
21/10/2016,17.15,CTG,17.35,17.35,17.15,239110
20/10/2016,17.3,CTG,17.4,17.45,17.25,301740
19/10/2016,17.35,CTG,17.1,17.5,17.05,1147690
18/10/2016,17.05,CTG,17.05,17.1,16.95,323370
17/10/2016,17.05,CTG,17.05,17.15,17,371450
14/10/2016,17.05,CTG,17.2,17.3,17.05,640770
13/10/2016,17.15,CTG,17.25,17.25,17.05,324480
12/10/2016,17.15,CTG,17.25,17.4,17.1,305200
11/10/2016,17.15,CTG,17.1,17.2,17,477450
10/10/2016,17.1,CTG,17.3,17.5,17.1,556460
7/10/2016,17.3,CTG,17.6,17.6,17.3,294700
6/10/2016,17.6,CTG,17.7,17.8,17.55,846960
5/10/2016,17.6,CTG,17.3,17.85,17.2,1470580
4/10/2016,17.3,CTG,16.95,17.4,16.9,701650
3/10/2016,16.95,CTG,17,17.2,16.95,157380
30/09/2016,16.95,CTG,17.1,17.15,16.95,431170
29/09/2016,17.15,CTG,17.5,17.5,17.15,104510
28/09/2016,17.4,CTG,17.2,17.6,17.15,841370
27/09/2016,17.15,CTG,16.85,17.2,16.85,756460
26/09/2016,16.9,CTG,16.9,17,16.9,220590
23/09/2016,16.9,CTG,17,17.1,16.9,192340
22/09/2016,17,CTG,17.1,17.1,17,328080
21/09/2016,17,CTG,17.05,17.1,17,133310
20/09/2016,17.05,CTG,17,17.1,17,254580
19/09/2016,17.1,CTG,16.95,17.15,16.95,510530
16/09/2016,16.95,CTG,17,17,16.9,156080
15/09/2016,16.95,CTG,16.8,17.1,16.8,304460
14/09/2016,16.8,CTG,17.15,17.15,16.7,420360
13/09/2016,17.15,CTG,17.3,17.3,17.1,166890
12/9/2016,17.25,CTG,17.4,17.4,17.1,396750
9/9/2016,17.4,CTG,17.3,17.4,17.2,376440
8/9/2016,17.2,CTG,17.3,17.3,17.1,321780
7/9/2016,17.2,CTG,17,17.3,17,183110
6/9/2016,17.1,CTG,17.3,17.3,17,395250
5/9/2016,17.1,CTG,17.3,17.3,17.1,314130
1/9/2016,17.2,CTG,17.2,17.4,17.1,376080
31/08/2016,17.4,CTG,17.4,17.5,17.3,594530
30/08/2016,17.4,CTG,17.3,17.5,17.3,667880
29/08/2016,17.3,CTG,17.4,17.5,17.3,214620
26/08/2016,17.4,CTG,17.2,17.6,17.2,622140
25/08/2016,17.1,CTG,17.3,17.3,17.1,173020
24/08/2016,17.3,CTG,17.1,17.3,17.1,427180
23/08/2016,17.1,CTG,17.2,17.2,17.1,242430
22/08/2016,17.2,CTG,17.2,17.2,17.1,495890
19/08/2016,17.1,CTG,17.2,17.3,17,602920
18/08/2016,17.3,CTG,17.3,17.4,17.2,269640
17/08/2016,17.3,CTG,17.4,17.4,17.2,263760
16/08/2016,17.3,CTG,17.3,17.5,17.3,317960
15/08/2016,17.5,CTG,17.5,17.5,17.2,278040
12/8/2016,17.5,CTG,17.6,17.7,17.2,399590
11/8/2016,17.6,CTG,17.4,17.8,17.3,670610
10/8/2016,17.4,CTG,17,17.4,17,452530
9/8/2016,16.9,CTG,17.1,17.3,16.9,434340
8/8/2016,17.2,CTG,17.2,17.2,17,225100
5/8/2016,17.1,CTG,17,17.4,17,550230
4/8/2016,17.3,CTG,17,17.5,17,610370
3/8/2016,17.1,CTG,17.1,17.3,17,449320
2/8/2016,17.2,CTG,17.7,17.7,17.1,1344970
1/8/2016,17.7,CTG,17.8,17.8,17.6,609860
29/07/2016,17.8,CTG,17.9,18,17.7,435450
28/07/2016,17.8,CTG,18,18,17.8,292440
27/07/2016,18,CTG,17.6,18.2,17.5,1495190
26/07/2016,17.6,CTG,17.5,17.6,17.4,271180
25/07/2016,17.5,CTG,17.9,17.9,17.5,463360
22/07/2016,17.8,CTG,17.8,17.8,17.4,1243490
21/07/2016,17.8,CTG,17.7,18,17.6,785170
20/07/2016,17.8,CTG,18.2,18.2,17.7,1757120
19/07/2016,18.2,CTG,19,19,17.8,1644370
18/07/2016,18.7,CTG,18.5,19,18.3,1084130
15/07/2016,18.7,CTG,19,19.3,18.7,1463810
14/07/2016,18.6,CTG,19.3,20.2,18.6,5103110
13/07/2016,18.9,CTG,17.8,18.9,17.7,5165290
12/7/2016,17.7,CTG,17.5,17.7,17.4,2088690
11/7/2016,17.4,CTG,17.2,17.8,17.2,1215260
8/7/2016,17.2,CTG,17.4,17.4,17.1,260560
7/7/2016,17.3,CTG,17.2,17.3,17,337740
6/7/2016,17.2,CTG,17.4,17.4,17.1,299650
5/7/2016,17.4,CTG,17.1,17.6,17.1,797750
4/7/2016,17.1,CTG,17.1,17.2,16.9,470750
1/7/2016,17,CTG,16.8,17.1,16.8,269590
30/06/2016,16.8,CTG,17,17.1,16.8,398700
29/06/2016,16.9,CTG,16.7,17.1,16.7,513620
28/06/2016,16.5,CTG,16.6,16.7,16.5,182440
27/06/2016,16.7,CTG,16.4,16.7,16.4,334300
24/06/2016,16.7,CTG,17.1,17.2,16,1093710
23/06/2016,17.2,CTG,17,17.2,16.9,479790
22/06/2016,16.9,CTG,17.2,17.2,16.8,513610
21/06/2016,17,CTG,17.1,17.2,16.9,281970
20/06/2016,17,CTG,17,17.1,16.9,429240
17/06/2016,16.9,CTG,17.3,17.3,16.9,632060
16/06/2016,17.2,CTG,17.3,17.5,17.2,428580
15/06/2016,17.4,CTG,17.4,17.5,17.2,497500
14/06/2016,17.4,CTG,17.5,17.5,17.2,976830
13/06/2016,17.6,CTG,17.8,17.8,17.5,584150
10/6/2016,17.8,CTG,17.6,17.9,17.6,1063080
9/6/2016,17.8,CTG,17.6,17.9,17.5,890310
8/6/2016,17.6,CTG,17.5,17.7,17.5,493650
7/6/2016,17.4,CTG,17.6,17.6,17.4,537710
6/6/2016,17.6,CTG,17.7,17.8,17.4,802850
3/6/2016,17.8,CTG,17.9,17.9,17.7,580270
2/6/2016,17.9,CTG,17.8,17.9,17.7,386210
1/6/2016,17.8,CTG,17.8,18,17.7,1117640
31/05/2016,17.8,CTG,17.6,17.9,17.6,1127520
30/05/2016,17.6,CTG,17.4,17.7,17.3,614250
27/05/2016,17.4,CTG,17.1,17.5,17,928400
26/05/2016,17.1,CTG,17.2,17.3,16.9,1542950
25/05/2016,17.3,CTG,17.3,17.5,17.3,1056090
24/05/2016,17.3,CTG,17.1,17.3,17,1147300
23/05/2016,17.1,CTG,17.6,17.6,17.1,938770
20/05/2016,17.5,CTG,17.7,17.8,17.4,774760
19/05/2016,17.7,CTG,17.9,18,17.7,555110
18/05/2016,17.9,CTG,17.9,18.2,17.8,1645270
17/05/2016,18,CTG,17.7,18,17.6,1847570
16/05/2016,17.5,CTG,17.7,17.7,17.4,894230
13/05/2016,17.7,CTG,17.7,18.1,17.5,1600710
12/5/2016,17.7,CTG,18.2,18.2,17.6,1282940
11/5/2016,18,CTG,17.5,18,17.3,3463790
10/5/2016,17.4,CTG,17.1,17.6,17,1709950
9/5/2016,17.3,CTG,17.5,17.8,17.2,2398820
6/5/2016,17.3,CTG,16.7,17.4,16.7,3576280
5/5/2016,16.7,CTG,16.6,16.9,16.4,1517550
4/5/2016,16.4,CTG,16.6,16.7,16.3,775300
29/04/2016,16.6,CTG,16.1,16.9,16.1,1345320
28/04/2016,16.2,CTG,16.4,16.5,16.1,1137280
27/04/2016,16.5,CTG,17,17,16.5,1759290
26/04/2016,16.9,CTG,17.1,17.2,16.8,644470
25/04/2016,17.1,CTG,17,17.4,17,2999940
22/04/2016,16.8,CTG,16,17.1,15.9,2636290
21/04/2016,16,CTG,16.1,16.1,15.9,436360
20/04/2016,16,CTG,16,16.1,15.8,809560
19/04/2016,16,CTG,16.3,16.3,15.9,593650
15/04/2016,16.2,CTG,16.1,16.3,16.1,1575310
14/04/2016,16.1,CTG,16.2,16.4,16.1,479910
13/04/2016,16.2,CTG,16.2,16.3,16,889370
12/4/2016,16.2,CTG,16.5,16.6,16.1,1469180
11/4/2016,16.5,CTG,16.8,16.8,16.4,1579920
8/4/2016,16.7,CTG,16.8,16.8,16.6,485640
7/4/2016,16.7,CTG,16.8,16.8,16.5,1000690
6/4/2016,16.7,CTG,16.4,16.7,16.3,1125710
5/4/2016,16.4,CTG,16.4,16.6,16.3,316480
4/4/2016,16.5,CTG,16.3,16.5,16.2,341700
1/4/2016,16.3,CTG,16.4,16.5,16.2,499970
31/03/2016,16.4,CTG,16.7,16.7,16.3,573010
30/03/2016,16.7,CTG,16.7,16.7,16.5,693910
29/03/2016,16.6,CTG,16.9,16.9,16.6,531710
28/03/2016,16.9,CTG,17.1,17.1,16.8,260810
25/03/2016,16.9,CTG,16.9,17,16.6,653890
24/03/2016,16.9,CTG,17.3,17.3,16.9,549240
23/03/2016,17.2,CTG,17.1,17.3,17.1,206120
22/03/2016,17.1,CTG,17.2,17.4,17.1,478150
21/03/2016,17.3,CTG,17.4,17.7,17.3,633320
18/03/2016,17.3,CTG,17.4,17.5,17.3,210600
17/03/2016,17.4,CTG,17.4,17.6,17.3,948590
16/03/2016,17.3,CTG,17.3,17.5,17.2,661310
15/03/2016,17.3,CTG,17.4,17.4,17.1,749470
14/03/2016,17.4,CTG,17.6,17.6,17.3,556200
11/3/2016,17.4,CTG,17.6,17.7,17.4,599880
10/3/2016,17.5,CTG,17.5,17.6,17.4,337750
9/3/2016,17.4,CTG,17.7,17.8,17.4,848880
8/3/2016,17.7,CTG,17.7,17.9,17.5,1265670
7/3/2016,17.8,CTG,18,18,17.7,738230
4/3/2016,17.8,CTG,18,18.1,17.8,988840
3/3/2016,18,CTG,18,18.1,17.8,908900
2/3/2016,17.9,CTG,17.7,18,17.7,600340
1/3/2016,17.6,CTG,17.8,18,17.6,795250
29/02/2016,17.8,CTG,18.2,18.2,17.8,927670
26/02/2016,18.3,CTG,18.3,18.4,18.2,391080
25/02/2016,18.4,CTG,18.4,18.5,18,1745900
24/02/2016,18.2,CTG,17,18.2,17,3102090
23/02/2016,17.1,CTG,17.3,17.4,17.1,547820
22/02/2016,17.2,CTG,17.3,17.4,17,798720
19/02/2016,17.2,CTG,17.3,17.4,17.2,464980
18/02/2016,17.4,CTG,17.1,17.4,17,462570
17/02/2016,17.1,CTG,17.1,17.2,17,264310
16/02/2016,17.1,CTG,17.2,17.3,17.1,168880
15/02/2016,17.2,CTG,16.9,17.3,16.9,153830
5/2/2016,17.2,CTG,17.2,17.3,17.2,223150
4/2/2016,17.2,CTG,17.2,17.2,17,242050
3/2/2016,17,CTG,16.9,17.1,16.7,182840
2/2/2016,17.1,CTG,17.1,17.4,17,163090
1/2/2016,17.1,CTG,17.6,17.6,17.1,325280
29/01/2016,17.2,CTG,17.2,17.3,17,220720
28/01/2016,17.2,CTG,17.5,17.6,17.2,168290
27/01/2016,17.5,CTG,17.4,17.8,17.4,390160
26/01/2016,17.4,CTG,17,17.4,16.8,974540
25/01/2016,17.2,CTG,16.5,17.2,16.5,879160
22/01/2016,16.1,CTG,16.4,16.5,15.8,874560
21/01/2016,16.4,CTG,16.8,17,16.3,1144260
20/01/2016,16.9,CTG,17.3,17.3,16.9,608350
19/01/2016,17.4,CTG,16.7,17.4,16.7,1027250
18/01/2016,16.8,CTG,17.2,17.2,16.4,1397320
15/01/2016,17.6,CTG,17.7,17.8,17.4,648830
14/01/2016,17.7,CTG,17.7,17.7,17.3,853540
13/01/2016,17.7,CTG,17.9,18,17.7,458080
12/1/2016,17.8,CTG,17.7,17.9,17.6,591100
11/1/2016,17.7,CTG,17.7,17.9,17.6,667790
8/1/2016,17.7,CTG,18,18,17.7,992590
7/1/2016,18.1,CTG,18.1,18.4,17.8,1592360
6/1/2016,18.3,CTG,18.1,18.4,18.1,544940
5/1/2016,18.1,CTG,18.1,18.3,18,319920
4/1/2016,18.3,CTG,18.5,18.6,18.1,404050
31/12/2015,18.6,CTG,18.7,18.7,18.4,407840
30/12/2015,18.6,CTG,18.6,18.7,18.4,638890
29/12/2015,18.5,CTG,18.1,18.5,17.9,604950
28/12/2015,18.1,CTG,18.1,18.4,18,395650
25/12/2015,18.1,CTG,18.2,18.3,18,286400
24/12/2015,18.1,CTG,18.3,18.3,18.1,194940
23/12/2015,18.1,CTG,18.3,18.4,18.1,556450
22/12/2015,18.3,CTG,18.4,18.7,18.3,426610
21/12/2015,18.5,CTG,18.5,18.5,18.3,440600
18/12/2015,18.5,CTG,18.7,18.8,18.5,535760
17/12/2015,18.8,CTG,18.7,19.1,18.6,744030
16/12/2015,18.5,CTG,18.3,18.7,18.2,655480
15/12/2015,18.2,CTG,17.8,18.2,17.7,610350
14/12/2015,17.7,CTG,17.9,18.2,17.7,382340
11/12/2015,18,CTG,18.1,18.3,18,497990
10/12/2015,18.1,CTG,18.5,18.5,18,647590
9/12/2015,18.4,CTG,18.8,18.8,18.4,281150
8/12/2015,18.7,CTG,18.1,18.8,17.9,1018460
7/12/2015,18.2,CTG,18.5,18.5,18.1,286410
4/12/2015,18.4,CTG,18.6,18.6,18.3,849460
3/12/2015,18.6,CTG,18.6,18.7,18.5,202200
2/12/2015,18.6,CTG,18.4,18.7,18.4,809600
1/12/2015,18.3,CTG,18.4,18.6,18.2,576900
30/11/2015,18.4,CTG,19,19,18,871270
27/11/2015,19.1,CTG,19.3,19.5,19.1,644630
26/11/2015,19.5,CTG,19.5,19.5,19.3,588680
25/11/2015,19.6,CTG,19.6,19.6,19.3,682440
24/11/2015,19.6,CTG,19.6,19.7,19.4,970280
23/11/2015,19.7,CTG,20.1,20.1,19.7,537990
20/11/2015,19.9,CTG,19.9,20,19.8,781130
19/11/2015,19.9,CTG,20.2,20.2,19.9,554600
18/11/2015,20,CTG,20.1,20.2,20,506460
17/11/2015,20.1,CTG,20.2,20.3,20.1,930680
16/11/2015,20.3,CTG,20.5,20.5,20.1,429910
13/11/2015,20.6,CTG,20.4,20.6,20.2,887880
12/11/2015,20.6,CTG,20.2,20.6,20.1,1434490
11/11/2015,20.3,CTG,20.2,20.5,20.2,1086670
10/11/2015,20.3,CTG,20.5,20.6,20.3,1068830
9/11/2015,20.7,CTG,20.8,20.9,20.6,716880
6/11/2015,20.8,CTG,20.8,20.9,20.5,1208400
5/11/2015,20.9,CTG,20.7,20.9,20.7,1007490
4/11/2015,20.9,CTG,21,21.2,20.8,1402290
3/11/2015,21,CTG,20.9,21,20.7,1116870
2/11/2015,20.9,CTG,20.8,21,20.7,1353930
30/10/2015,20.8,CTG,20.9,21.1,20.8,1748110
29/10/2015,20.9,CTG,20.8,21,20.6,1719090
28/10/2015,20.7,CTG,20.9,20.9,20.7,1329310
27/10/2015,20.9,CTG,20.9,21,20.7,1027720
26/10/2015,20.9,CTG,21.3,21.3,20.9,1456540
23/10/2015,21.1,CTG,21,21.3,20.8,2182270
22/10/2015,20.8,CTG,20.7,20.9,20.6,793320
21/10/2015,20.8,CTG,20.8,21,20.6,2161940
20/10/2015,20.9,CTG,21.2,21.2,20.6,2264460
19/10/2015,21.2,CTG,21,21.4,20.9,1986760
16/10/2015,21.1,CTG,20.8,21.4,20.8,5436700
15/10/2015,20.7,CTG,20.3,20.8,20.2,4435440
14/10/2015,20.2,CTG,20.4,20.4,20.2,1604230
13/10/2015,20.4,CTG,20.3,20.4,20.2,945280
12/10/2015,20.4,CTG,20.3,20.6,20.3,2117090
9/10/2015,20.4,CTG,20.5,20.7,20.4,3440530
8/10/2015,20.3,CTG,20,20.4,19.9,3609910
7/10/2015,20,CTG,20.3,20.4,20,1649740
6/10/2015,20.3,CTG,20.3,20.4,20.1,3176750
5/10/2015,20,CTG,19.7,20.1,19.6,1129910
2/10/2015,19.5,CTG,19.7,19.7,19.4,780570
1/10/2015,19.6,CTG,19.7,19.7,19.5,626890
30/09/2015,19.6,CTG,19.8,19.9,19.6,780510
29/09/2015,19.7,CTG,19.4,19.8,19.4,2922080
28/09/2015,20,CTG,20.2,20.3,20,1428010
25/09/2015,20.3,CTG,20.5,20.5,20.1,1390470
24/09/2015,20.4,CTG,20.3,20.7,20.3,4264220
23/09/2015,20.2,CTG,19.9,20.2,19.8,1477530
22/09/2015,20,CTG,20.2,20.4,19.9,1240520
21/09/2015,20.2,CTG,20,20.3,20,2274340
18/09/2015,20,CTG,19.9,20.1,19.7,2477510
17/09/2015,19.3,CTG,19.7,19.8,19.3,1488950
16/09/2015,19.7,CTG,19.9,20,19.5,1387360
15/09/2015,19.9,CTG,20,20.4,19.9,2118080
14/09/2015,20,CTG,20.3,20.8,20,2589220
11/9/2015,19.9,CTG,20.3,20.4,19.8,1932700
10/9/2015,20.3,CTG,20.1,20.6,20.1,1936800
9/9/2015,20.5,CTG,21,21.1,20.5,2742100
8/9/2015,20.4,CTG,19.4,20.5,19.3,5622950
7/9/2015,19.4,CTG,19.4,19.7,19.3,1195190
4/9/2015,19.3,CTG,19.2,19.5,19.2,1022830
3/9/2015,19.2,CTG,19,19.3,18.9,2262090
1/9/2015,19.1,CTG,19.5,19.5,19,1983550
31/08/2015,19.3,CTG,20,20,19.3,2893780
28/08/2015,19.9,CTG,19.9,20,19.5,2698450
27/08/2015,19.4,CTG,18.7,20,18.7,3333470
26/08/2015,18.7,CTG,17.9,18.7,17.8,2015290
25/08/2015,17.9,CTG,17.2,18,17.2,2225480
24/08/2015,17.5,CTG,18.7,18.7,17.5,4033750
21/08/2015,18.8,CTG,18.9,19,18,4507110
20/08/2015,19.3,CTG,19.7,19.9,19.3,1576460
19/08/2015,19.8,CTG,19.8,20.4,19.5,1156260
18/08/2015,20,CTG,19.2,20,19.2,2154410
17/08/2015,19.3,CTG,20.6,20.8,19.3,3234770
14/08/2015,20.7,CTG,21,21.2,20.5,1259280
13/08/2015,21.1,CTG,21.7,21.7,20.9,2008760
12/8/2015,21.7,CTG,21.9,22,21.5,1848380
11/8/2015,22,CTG,22,22.6,21.8,2263780
10/8/2015,21.9,CTG,21.5,22,21.5,1107160
7/8/2015,21.5,CTG,21.6,21.7,21.3,1793590
6/8/2015,21.6,CTG,22.3,22.3,21.5,1634990
5/8/2015,22.1,CTG,21.9,22.3,21.9,1402730
4/8/2015,21.8,CTG,22.1,22.3,21.8,1873320
3/8/2015,22.1,CTG,22.3,22.5,21.8,3681980
31/07/2015,22.5,CTG,23.1,23.1,22.5,2175520
30/07/2015,22.8,CTG,22.6,22.9,22.3,2077440
29/07/2015,22.5,CTG,23,23.2,22.5,3538220
28/07/2015,23,CTG,23,23.4,23,4370370
27/07/2015,23,CTG,22.6,23.3,22.6,2852930
24/07/2015,22.7,CTG,22.7,22.9,22.5,2210800
23/07/2015,22.8,CTG,23.1,23.5,22.8,5116250
22/07/2015,23,CTG,22.2,23,22,3956220
21/07/2015,22.2,CTG,22.2,22.7,22,4134150
20/07/2015,22.2,CTG,21.5,22.3,21.3,3056220
17/07/2015,21.8,CTG,21.7,22.2,21.6,2211460
16/07/2015,21.6,CTG,21.6,21.9,21.3,5208580
15/07/2015,22,CTG,22.7,23,22,8953790
14/07/2015,22.7,CTG,23,23.2,22.2,3737550
13/07/2015,23,CTG,22.3,23.3,22.1,3761920
10/7/2015,22.3,CTG,21.3,22.3,21.2,5603650
9/7/2015,21,CTG,20.9,21.3,20.6,2720190
8/7/2015,21.2,CTG,21,21.7,20.4,5140610
7/7/2015,20.8,CTG,20.3,21.5,19.9,5002440
6/7/2015,20.3,CTG,20.2,20.5,20,3852320
3/7/2015,20.1,CTG,20,20.9,20,4068250
2/7/2015,19.8,CTG,18.6,20,18.6,4173150
1/7/2015,18.8,CTG,19,19.2,18.5,3646570
30/06/2015,19.2,CTG,19.2,19.6,19.1,1842780
29/06/2015,19.4,CTG,18.8,19.4,18.8,2102880
26/06/2015,19.2,CTG,19.9,20,19.2,3404590
25/06/2015,19.9,CTG,20.2,20.3,19.9,3857340
24/06/2015,20.3,CTG,20.6,20.6,20.2,3586680
23/06/2015,20.6,CTG,20.7,20.8,20.4,3156940
22/06/2015,21.2,CTG,20.9,21.3,20.9,2318820
19/06/2015,20.8,CTG,20.9,21.2,20.7,2629920
18/06/2015,20.7,CTG,20.7,20.9,20.4,1667290
17/06/2015,20.8,CTG,20.4,20.9,20.3,1595450
16/06/2015,20.6,CTG,21,21.3,20.6,2937050
15/06/2015,20.8,CTG,19.7,20.8,19.7,4816390
12/6/2015,19.6,CTG,19.6,19.8,19.4,1950860
