DATE,OPEN,HIGH,LOW,CLOSING PRICE,VOLUME
6/12/2020,90000,92500,89900,91800,875940
6/11/2020,95600,96200,93000,93000,761540
6/10/2020,96200,96200,95400,95600,488490
6/9/2020,97000,97000,96100,96200,318400
6/8/2020,95200,97600,95200,96000,482180
6/5/2020,96000,96200,95000,95000,525870
6/4/2020,96800,96800,96000,96000,6515160
6/3/2020,96500,96800,95500,96800,466430
6/2/2020,97200,97200,96500,96700,501700
6/1/2020,97000,97200,96500,97200,581490
5/29/2020,97000,97500,96600,97000,493500
5/28/2020,96900,97500,96300,97000,353590
5/27/2020,96900,97900,96500,96900,2181780
5/26/2020,97000,97500,96400,96900,360000
5/25/2020,96200,97100,96000,97100,4216400
5/22/2020,98000,98000,96400,96400,292930
5/21/2020,97000,98000,96900,98000,974410
5/20/2020,96400,97000,96100,96600,254730
5/19/2020,97100,97400,96000,96500,14729850
5/18/2020,97000,97000,95500,96500,761440
5/15/2020,96000,97500,95800,97000,1127030
5/14/2020,95000,96700,93900,96000,1702810
5/13/2020,95100,96000,91500,95000,2652530
5/12/2020,97400,97400,95000,97000,853030
5/11/2020,98000,98000,95900,97500,2893920
5/8/2020,96400,100000,96100,97500,1928960
5/7/2020,95000,96000,94000,96000,617800
5/6/2020,92600,95000,92500,95000,773570
5/5/2020,91800,93000,91800,92700,274700
5/4/2020,91900,92500,90000,91800,259550
4/29/2020,93000,93400,90500,91900,314400
4/28/2020,92500,92900,91500,92000,272920
4/27/2020,95000,95000,92000,92000,453720
4/24/2020,93000,93900,92400,93000,300240
4/23/2020,93000,94900,92700,93000,347420
4/22/2020,92000,92800,90500,92500,884070
4/21/2020,95500,95500,92500,93000,892270
4/20/2020,96100,96400,94900,96200,1055020
4/17/2020,95300,96100,89200,96100,1191510
4/16/2020,96000,96000,94700,95900,845580
4/15/2020,95600,96000,94900,96000,2743850
4/14/2020,96500,96500,94500,95600,731630
4/13/2020,95800,96000,94900,96000,3038550
4/10/2020,96000,96800,93700,95000,1232120
4/9/2020,94200,97300,93800,96000,1560610
4/8/2020,97000,97000,94000,94000,1010120
4/7/2020,97600,100900,93000,97300,2855700
4/6/2020,92000,97300,91300,97300,2698260
4/3/2020,86000,91000,86000,91000,1284500
4/1/2020,82500,87000,81000,86000,733820
3/31/2020,81400,87000,80400,83400,1563450
3/30/2020,80800,82000,80800,81400,1184510
3/27/2020,82000,87400,79500,86800,1207310
3/26/2020,77600,81800,75600,81800,1517250
3/25/2020,71500,76500,68000,76500,5987570
3/24/2020,71800,75000,71500,71500,3062155
3/23/2020,78000,78300,76800,76800,1576810
3/20/2020,88700,88700,82500,82500,2010640
3/19/2020,86900,88700,83100,88700,1980180
3/18/2020,87900,90000,86500,89000,785390
3/17/2020,89500,92300,87600,88500,722330
3/16/2020,92000,92500,86600,92500,971340
3/13/2020,86000,92500,85400,92500,1267880
3/12/2020,91000,92300,90300,91800,1896270
3/11/2020,98000,98000,91100,97000,1049580
3/10/2020,93000,99200,91200,97700,825490
3/9/2020,101500,102000,97700,97700,1114590
3/6/2020,105000,105000,103100,105000,750830
3/5/2020,105100,105900,103800,105600,352300
3/4/2020,104600,105500,103500,105500,468810
3/3/2020,105100,105600,104500,105500,557950
3/2/2020,104000,105400,102700,105400,742130
2/28/2020,105000,105400,103000,105400,870840
2/27/2020,105800,106000,104100,105600,930420
2/26/2020,104000,106600,104000,105900,625410
2/25/2020,106700,107300,105900,107000,543820
2/24/2020,107100,108000,105500,107300,1452650
2/21/2020,108600,110000,107800,109900,309060
2/20/2020,105000,110000,105000,110000,353570
2/19/2020,103500,107000,103500,105000,832580
2/18/2020,107000,107000,104000,104500,891870
2/17/2020,110000,110000,105000,108000,942220
2/14/2020,112300,112600,110000,110000,352390
2/13/2020,111500,112700,111400,112400,285340
2/12/2020,113400,113400,112000,112000,452790
2/11/2020,113500,114200,113000,113400,290630
2/10/2020,113000,114100,113000,113700,192700
2/7/2020,114000,114400,112000,114400,1295520
2/6/2020,114500,114700,112800,114400,676290
2/5/2020,114800,114800,113000,114500,748420
2/4/2020,113600,114800,111800,114800,1485500
2/3/2020,113800,114800,112300,114800,760420
1/31/2020,114900,114900,113600,114800,831740
1/30/2020,114100,114900,112100,114900,682720
1/22/2020,114900,114900,114200,114900,371780
1/21/2020,114300,115000,114300,114900,207510
1/20/2020,114900,114900,114300,114900,370670
1/17/2020,114900,115100,114400,114900,169100
1/16/2020,115000,115100,114300,115000,2503785
1/15/2020,115000,115000,114300,115000,235600
1/14/2020,115100,115100,114300,115000,2291150
1/13/2020,114700,115100,114500,114900,146680
1/10/2020,115000,115000,114700,114800,159120
1/9/2020,114300,115100,114200,114700,313870
1/8/2020,114500,114700,113600,114300,468910
1/7/2020,114500,115000,114300,114700,183910
1/6/2020,115000,115000,114400,114500,301910
1/3/2020,115000,115300,114300,115300,248940
1/2/2020,114900,115000,114000,115000,440280
1/2/2020,114900,115000,114000,115000,440280
12/30/2019,114500,115000,114200,115000,504080
12/30/2019,114500,115000,114200,115000,504080
12/27/2019,115400,115400,114000,115200,1169670
12/26/2019,115300,115700,114400,115400,507390
12/25/2019,115300,115500,114300,115500,348350
12/24/2019,115600,115600,114300,115500,449960
12/23/2019,115800,115800,114300,115700,591380
12/20/2019,115800,115800,114700,115800,1940840
12/19/2019,115000,116000,114000,115800,1225800
12/18/2019,115000,115900,114500,115800,962100
12/17/2019,115800,115800,114500,115800,427390
12/16/2019,116000,116000,114800,115800,864080
12/13/2019,115800,116000,114900,116000,295370
12/12/2019,116000,116000,115200,116000,334050
12/11/2019,115900,115900,114500,115900,301370
12/10/2019,115500,115900,113600,115900,575810
12/9/2019,115800,115900,115000,115900,188330
12/6/2019,116000,116300,115400,115900,144740
12/5/2019,116000,116100,115500,115800,368750
12/4/2019,114200,115500,114200,115500,239900
12/3/2019,115000,116300,114200,115000,875130
12/2/2019,115500,116300,113800,115000,300040
11/29/2019,115700,116100,114500,115700,1190315
11/28/2019,115100,116000,114300,115700,332980
11/27/2019,115200,116300,115100,115600,304630
11/26/2019,116000,116000,115100,115200,1027110
11/25/2019,116200,116200,115500,116000,234180
11/22/2019,116200,116900,115300,116200,308940
11/21/2019,117000,117000,113800,115300,1567980
11/20/2019,117200,117200,116000,116000,705410
11/19/2019,118000,118200,116800,117100,491510
11/18/2019,119800,119800,117900,118100,717820
11/15/2019,119200,120800,118800,119600,258410
11/14/2019,119000,119800,118800,119300,250100
11/13/2019,118900,119400,118400,119000,891190
11/12/2019,118900,119900,118600,119400,633520
11/11/2019,120500,120500,118900,118900,281300
11/8/2019,121600,121600,120000,120500,512950
11/7/2019,122000,122300,120800,120800,246740
11/6/2019,121500,122500,121000,121900,723800
11/5/2019,121000,122000,120900,121500,280520
11/4/2019,122500,122500,120700,121700,309680
11/1/2019,120000,122500,119500,122500,749070
10/31/2019,120000,120400,119000,119000,840720
10/30/2019,118000,119900,117800,119600,600930
10/29/2019,117700,117900,117400,117800,232100
10/28/2019,117000,118100,116700,117700,268360
10/25/2019,117000,117400,116700,117200,480960
10/24/2019,117100,117200,116500,117200,932110
10/23/2019,116800,117500,116800,117100,130200
10/22/2019,118000,118000,116800,116800,175690
10/21/2019,117000,118300,116000,116900,205580
10/18/2019,117000,117000,116500,117000,369180
10/17/2019,117900,118500,116900,117000,479110
10/16/2019,119000,119000,117700,118000,972080
10/16/2019,119000,119000,117700,118000,972080
10/15/2019,118000,119300,118000,118400,1022070
10/15/2019,118000,119300,118000,118400,1022070
10/14/2019,118500,119800,117500,118000,378150
10/11/2019,117500,118000,116700,118000,928950
10/10/2019,117500,117700,116800,116900,973470
10/9/2019,116900,118300,116700,117000,542530
10/8/2019,117200,117300,116400,117100,353740
10/7/2019,118000,118100,116500,117000,592120
10/4/2019,118000,118700,117700,118000,292050
10/3/2019,117200,118000,117100,118000,650460
10/2/2019,119900,120500,118000,118000,545260
10/1/2019,120500,120900,119700,119900,151960
9/30/2019,120000,121200,119600,119800,308680
9/27/2019,119000,120300,118800,119800,264300
9/26/2019,120000,120000,118800,119000,334000
9/25/2019,120100,120300,119000,119700,256590
9/24/2019,119000,120400,119000,120100,582660
9/23/2019,119500,120400,118900,119100,457600
9/20/2019,121400,121900,119400,119400,1827050
9/19/2019,122500,122800,121400,121500,345240
9/18/2019,122500,122800,122100,122200,181830
9/17/2019,122100,123800,122000,122800,416830
9/16/2019,122000,124700,122000,122800,330670
9/13/2019,122100,122900,120800,122400,1692440
9/12/2019,121500,122100,121300,121500,188180
9/11/2019,122000,122800,121000,121500,226620
9/10/2019,123000,123200,122000,122000,247180
9/9/2019,121900,122800,121100,122600,165730
9/6/2019,122000,123000,121000,121100,280330
9/5/2019,122900,123400,122000,122000,303110
9/4/2019,123000,123500,121700,122400,443500
9/3/2019,123500,124400,122200,123000,308400
8/30/2019,122500,123900,122000,123500,220710
8/29/2019,123500,123500,121100,122500,376320
8/28/2019,122200,123500,121900,122000,242730
8/27/2019,124900,125700,122500,122500,423120
8/26/2019,125000,125000,123400,124800,355930
8/23/2019,126100,126100,124600,125000,590250
8/22/2019,123000,126500,122700,126100,697830
8/21/2019,121000,122500,121000,122400,252820
8/20/2019,121900,122500,121000,121000,206540
8/19/2019,122500,122500,121500,121900,8211950
8/16/2019,119600,122300,119600,122000,424960
8/15/2019,117000,121000,117000,121000,327120
8/14/2019,119500,120000,118200,118600,341500
8/13/2019,119900,120000,118000,118100,310330
8/12/2019,120200,121200,120000,120000,811120
8/9/2019,122000,122500,120200,120200,4719545
8/8/2019,118000,122500,118000,122000,5907617
8/7/2019,119800,120200,117600,118000,2845950
8/6/2019,116000,119800,115500,119800,3415784
8/5/2019,122100,122100,118000,118000,3791680
8/2/2019,122000,123100,121900,122500,3533120
8/1/2019,123000,124500,122500,124400,365850
7/31/2019,122500,123200,120200,122000,2930220
7/30/2019,124400,125000,122000,122500,416670
7/29/2019,123000,124400,122100,124400,672270
7/26/2019,122700,123300,121600,122700,2335924
7/25/2019,120600,125100,120600,123200,4087168
7/24/2019,120500,122200,120200,122000,661870
7/22/2019,116000,116500,115000,116500,444900
7/19/2019,114800,116000,114800,116000,546260
7/18/2019,115000,115900,114800,114800,705150
7/17/2019,116000,116300,115000,115500,213640
7/16/2019,115000,116500,114200,115900,973360
7/15/2019,116000,116200,113800,114200,514900
7/12/2019,116900,117000,116000,116000,169920
7/11/2019,117300,117500,115600,116500,423380
7/10/2019,117000,117500,116500,116800,427060
7/9/2019,116000,116100,115200,116000,370669
7/8/2019,116500,116700,115800,116000,443170
7/5/2019,116000,116800,115800,116700,1395400
7/3/2019,115500,116000,114300,115400,260170
7/2/2019,117100,117300,115800,115800,323150
7/1/2019,116700,117200,116100,117200,562110
6/28/2019,115000,115900,113700,115700,489230
6/27/2019,117000,117000,114900,114900,449880
6/26/2019,116300,117000,116000,116900,515020
6/25/2019,116500,117200,116300,116400,595700
6/24/2019,115000,116600,115000,116400,228390
6/21/2019,114700,115900,114500,115900,135220
6/20/2019,114700,115900,114500,115900,409480
6/19/2019,114700,115900,114500,115900,135220
6/18/2019,114700,115000,113800,114000,433860
6/17/2019,115900,116500,113800,114500,491140
6/14/2019,116000,116000,114300,115500,402820
6/13/2019,115200,115900,115200,115500,292940
6/12/2019,117000,117500,116000,116000,458350
6/11/2019,117600,117800,117000,117000,373910
6/10/2019,117200,118700,117200,117600,955890
6/7/2019,116600,117000,116100,117000,1014030
6/6/2019,115900,115900,114400,115900,167500
6/5/2019,115000,115900,115000,115900,244400
6/4/2019,113600,115400,113600,114600,317740
6/3/2019,114000,115500,113000,114500,281510
5/31/2019,115800,115800,114600,114600,296610
5/30/2019,115200,116200,115000,115000,572810
5/29/2019,114900,115400,114000,115200,357950
5/28/2019,116000,116000,114000,114000,603270
5/27/2019,114000,115900,114000,115000,166080
5/24/2019,115500,116200,114300,115000,728560
5/23/2019,117000,117600,116200,117000,249830
5/22/2019,117200,118100,116000,117500,382330
5/21/2019,118700,118700,116300,117500,52226673
5/20/2019,117000,117500,116100,117500,486340
5/17/2019,117000,118100,116100,116900,615260
5/16/2019,115300,118900,115300,116900,813010
5/15/2019,113500,116200,113400,115300,481790
5/14/2019,112000,113500,111900,113500,539280
5/13/2019,111900,112900,111700,112900,439200
5/10/2019,112600,113000,112200,112700,289160
5/9/2019,112700,112700,111600,112600,539140
5/8/2019,111500,112700,111400,112600,348500
5/7/2019,112200,113300,111000,112600,421350
5/6/2019,112000,112300,110200,112200,290580
5/3/2019,113700,113700,112100,112500,705500
5/2/2019,113800,113900,113000,113600,190970
4/26/2019,112000,113700,112000,113700,826050
4/25/2019,113800,113800,112000,113600,503490
4/24/2019,113000,114000,112100,113800,447820
4/23/2019,111900,113000,111000,113000,534660
4/22/2019,109000,111900,107000,111900,854060
4/19/2019,110000,110600,108200,110100,414050
4/18/2019,109500,110000,105000,109000,891240
4/17/2019,111300,113000,110000,110000,980220
4/16/2019,109500,113100,108000,113100,1251190
4/12/2019,115000,115000,113000,113200,578190
4/11/2019,111800,115000,111800,115000,350810
4/10/2019,113000,114000,110900,111800,696000
4/9/2019,116000,116000,112800,113000,1156710
4/8/2019,115200,115800,114800,115500,504660
4/5/2019,115300,115400,114600,115100,431420
4/4/2019,115300,115800,114100,115100,421730
4/3/2019,115500,116000,114500,114900,464270
4/2/2019,116900,117200,116200,116300,1036350
4/1/2019,116400,116500,115800,116500,828430
3/29/2019,115900,116800,115900,115900,1099970
3/28/2019,113900,115900,113900,115900,659590
3/27/2019,115000,115900,113900,113900,908360
3/26/2019,115500,116800,113000,113700,966570
3/25/2019,117000,117300,115000,115200,1089720
3/22/2019,117000,118900,117000,118600,1114660
3/21/2019,120000,120300,117000,117000,1208480
3/20/2019,121000,121000,119100,120200,825590
3/19/2019,121300,122400,120700,121000,1290080
3/18/2019,120000,121300,119100,121300,1114570
3/15/2019,119300,119300,117900,118700,1704580
3/14/2019,116500,118700,115600,118700,1088350
3/13/2019,118500,120000,117000,117500,1262350
3/12/2019,119000,119400,118200,118600,1002200
3/11/2019,117000,118300,117000,118300,698150
3/8/2019,119000,119600,118100,118100,865280
3/7/2019,117900,122500,117800,119200,2197980
3/6/2019,117700,117700,117100,117700,477280
3/5/2019,117400,117800,116900,117300,726060
3/4/2019,116700,117600,115800,117400,660550
3/1/2019,114000,117000,114000,115100,759260
2/28/2019,117000,117400,113100,114000,1244250
2/27/2019,115500,117900,115500,117400,904620
2/26/2019,116000,116600,113500,115500,849550
2/25/2019,117000,117900,115900,116300,624890
2/22/2019,118000,118400,116600,117000,720970
2/21/2019,116500,118400,116300,118400,1162700
2/20/2019,115200,116900,115200,116500,820440
2/19/2019,113500,116600,113500,116000,1022020
2/18/2019,112500,113700,111700,113700,1179150
2/15/2019,113000,113000,112000,112000,670900
2/14/2019,109000,113000,109000,112900,995310
2/13/2019,108000,109300,107200,109000,822040
2/12/2019,104900,109100,104000,109100,869110
2/11/2019,101800,104000,101200,104000,527310
2/1/2019,103800,103800,98800,98800,2152680
1/31/2019,104000,104500,102500,103900,907860
1/30/2019,103900,104000,102900,103900,826880
1/29/2019,104900,104900,103000,103900,1375310
1/28/2019,102900,103700,102600,103700,381260
1/25/2019,102800,103500,102200,102900,506670
1/24/2019,102500,102900,102200,102800,426440
1/23/2019,102000,103700,102000,102600,299570
1/22/2019,102400,102400,101500,102400,258070
1/21/2019,102200,102400,101300,102400,404250
1/18/2019,101500,102200,100900,102200,524290
1/17/2019,102000,102200,100700,102000,325130
1/16/2019,101500,102100,100800,102000,548160
1/15/2019,101400,101500,100400,101500,754450
1/14/2019,101300,101900,100200,101400,582930
1/11/2019,101000,101400,100100,101400,589030
1/10/2019,101200,101500,100000,101400,571980
1/9/2019,101000,101900,99000,101500,659210
1/8/2019,102000,102000,99700,101000,494300
1/7/2019,100900,103000,99900,101000,589150
1/4/2019,100000,100700,98000,100600,478000
1/3/2019,100000,100300,98200,100300,496950
1/2/2019,101200,101300,97500,100400,602450
12/28/2018,103300,103400,95300,95300,381320
12/27/2018,101000,102900,101000,102400,690680
12/26/2018,101000,101900,101000,101900,367750
12/25/2018,100100,101900,100100,101900,293610
12/24/2018,102000,102200,101300,102000,216960
12/21/2018,100500,102000,100000,102000,791040
12/20/2018,101000,102000,100800,101900,387370
12/19/2018,102000,102300,100500,102000,506600
12/18/2018,101800,102000,100000,102000,531470
12/17/2018,102000,102700,101900,102500,205950
12/14/2018,102200,103000,101600,102700,234660
12/13/2018,102500,103900,101800,102800,798630
12/12/2018,102200,102400,102000,102200,423320
12/11/2018,102100,102200,101400,102200,457470
12/10/2018,102000,102200,101100,102100,806730
12/7/2018,102100,102200,101500,102200,460960
12/6/2018,102100,102200,101100,102100,251610
12/5/2018,101900,102200,101000,102100,961240
12/4/2018,102400,102400,101600,102000,1413260
12/3/2018,101800,103000,101300,101900,262710
11/30/2018,101000,102000,97500,101700,1024240
11/29/2018,102500,103000,101700,102000,467130
11/28/2018,101500,102000,100800,102000,577600
11/27/2018,100500,103200,100500,101500,787580
11/26/2018,99000,100500,98000,100500,1042520
11/23/2018,98800,99000,97000,99000,1055870
11/22/2018,97200,98000,96500,98000,1345610
11/21/2018,97000,97300,95000,97300,2109020
11/20/2018,94700,97200,94700,97200,1470120
11/19/2018,90100,96400,90100,96400,1553130
11/16/2018,91700,92500,89800,90100,895700
11/15/2018,94700,94700,90900,91700,3909540
11/14/2018,93600,95100,93400,94700,450950
11/13/2018,94800,95000,93700,93900,598800
11/12/2018,95800,96000,95500,95900,2720990
11/9/2018,95000,96000,95000,95900,602570
11/8/2018,96000,96600,95800,96000,383030
11/7/2018,96300,96300,94300,96000,608180
11/6/2018,96000,96500,95400,95800,698210
11/5/2018,96000,96500,95100,96000,664130
11/2/2018,95600,96700,95500,96000,1572560
11/1/2018,96500,96800,95000,95500,1225020
10/31/2018,95600,97200,95600,97200,2168473
10/30/2018,95500,97300,95500,96600,452080
10/29/2018,95500,97700,95000,97200,643700
10/26/2018,96200,98000,95700,96400,653110
10/25/2018,96700,98200,94600,96800,428050
10/24/2018,98000,99500,97500,98800,1081290
10/23/2018,98100,99000,96500,99000,608750
10/22/2018,98100,99600,97100,99100,856930
10/19/2018,96500,99100,96500,99100,915870
10/18/2018,98500,99200,98000,99100,1503270
10/17/2018,98600,99600,98200,99000,1310430
10/16/2018,95000,98600,94200,98600,4990118
10/15/2018,96000,96700,94000,95500,720500
10/12/2018,93000,97500,92800,96000,1832640
10/11/2018,92000,94400,89900,93000,3366160
10/10/2018,96600,97700,96500,96600,1213420
10/9/2018,96600,97300,96100,96600,944590
10/8/2018,97600,98300,96400,96600,1766100
10/5/2018,99900,100400,98300,98500,11332902
10/4/2018,102100,102200,100600,100600,655150
10/3/2018,103000,103900,101800,102200,860380
10/2/2018,99900,102000,99700,102000,1206840
10/1/2018,99900,102500,98500,98500,1298160
9/28/2018,98600,98600,98100,98300,4432026
9/27/2018,99000,99200,98500,98600,1495670
9/26/2018,99200,99300,99000,99000,505180
9/25/2018,99600,99600,99200,99500,426720
9/24/2018,98600,100300,98600,99600,1596510
9/21/2018,98500,99300,98400,98600,1604980
9/20/2018,98200,99500,98200,98500,4434590
9/19/2018,99600,100100,98500,98600,416470
9/18/2018,98000,99600,98000,99600,680320
9/17/2018,100800,101300,98900,99000,465650
9/14/2018,100300,101500,99700,101000,688370
9/13/2018,101400,102000,100000,100300,672540
9/12/2018,101200,103000,101100,101400,661080
9/11/2018,98500,102000,98500,101200,946370
9/10/2018,98000,99900,97100,99300,1742450
9/7/2018,96100,99000,96100,97200,698830
9/6/2018,101100,101500,98000,98000,1031000
9/5/2018,102100,102800,101500,101500,610500
9/4/2018,103400,103400,102000,102100,373190
8/31/2018,103300,103400,101500,103400,1811230
8/30/2018,103000,103500,102500,103400,1172570
8/29/2018,104200,104200,103000,103000,533720
8/28/2018,103600,104500,103500,104200,617620
8/27/2018,104100,105000,103800,104200,1239360
8/24/2018,104600,105100,103800,104000,1681290
8/23/2018,104000,105900,104000,104600,1808380
8/22/2018,103500,104100,103100,103600,795470
8/21/2018,102500,103100,102000,103100,1041910
8/20/2018,102000,103200,102000,102600,1000000
8/17/2018,102100,103300,102100,102300,599530
8/16/2018,100100,103100,100100,102100,1225510
8/15/2018,103300,104300,101900,101900,644810
8/14/2018,102800,104600,101800,103300,1167680
8/13/2018,103500,104000,101400,102800,1930190
8/10/2018,104000,105800,101000,104200,1885210
8/9/2018,107500,108700,104000,104200,3119240
8/8/2018,109700,110900,108600,108800,1652710
8/7/2018,111000,111500,109900,110300,8423370
8/6/2018,112000,112900,109700,111500,7944740
8/3/2018,107200,112700,106800,111500,2731090
8/2/2018,106500,107400,106200,106700,1629230
8/1/2018,106300,107500,106300,106500,3342370
7/31/2018,106000,107500,105100,106400,1902890
7/30/2018,106900,106900,105600,106400,1158200
7/27/2018,107000,107600,105700,106400,1187590
7/26/2018,105300,106000,104400,106000,1297470
7/25/2018,104500,105400,104100,104400,755570
7/24/2018,104000,105600,104000,104500,3713670
7/23/2018,103600,106500,103300,104000,1881524
7/20/2018,103500,105000,103500,103600,4187590
7/19/2018,105000,105000,103000,105000,2857260
7/18/2018,102500,105000,102500,105000,1918790
7/17/2018,101000,104100,100000,104000,1207830
7/16/2018,103500,103500,101000,102500,6923340
7/13/2018,104200,104200,102000,103000,564040
7/12/2018,104900,104900,101000,103000,357710
7/11/2018,101000,104500,100000,104500,840120
7/10/2018,105000,106500,102500,103000,795030
7/9/2018,106000,107300,104500,105000,701990
7/6/2018,104100,106900,101800,106200,1431620
7/5/2018,104000,107300,103000,106500,1420080
7/4/2018,99500,106200,97000,105000,1971010
7/3/2018,106000,107000,99700,99700,3208300
7/2/2018,106000,108500,106000,107200,953200
6/29/2018,105100,107800,105100,107500,2967850
6/28/2018,105000,110700,105000,107500,1193310
6/27/2018,102143,103961,101647,103465,1177710
6/26/2018,99994,102391,99581,102143,762320
6/25/2018,103300,103300,101647,102226,562650
6/22/2018,103217,103217,101482,101482,461620
6/21/2018,103300,103713,100986,102474,1700320
6/20/2018,101647,103300,100821,103300,872130
6/19/2018,100408,101978,96689,101647,2024310
6/18/2018,102060,104044,101234,101978,1411490
6/15/2018,104126,104788,102060,102060,6270820
6/14/2018,106440,106440,103300,104126,1718250
6/13/2018,100821,105779,100821,105779,2363100
6/12/2018,99168,102969,99168,102804,4086270
6/11/2018,102474,103383,101234,102722,20234437
6/8/2018,101812,103135,100821,102639,902860
6/7/2018,103217,103631,101812,102639,1723360
6/6/2018,99168,102804,97267,102556,2053160
6/5/2018,99168,101234,98011,100077,18496780
6/4/2018,98342,99251,97928,99168,901540
6/1/2018,95367,99168,94210,98342,4327700
5/31/2018,92392,96689,90078,95862,5567040
5/30/2018,90987,93796,87516,91730,1937030
5/29/2018,87846,92144,87681,90904,1820150
5/28/2018,84954,91730,84706,91730,3207380
5/25/2018,86028,91400,82640,88425,3656380
5/24/2018,85119,86772,83632,86028,3157830
5/23/2018,83549,87846,81814,85119,5360420
5/22/2018,91565,94210,87929,87929,4590430
5/21/2018,101647,101647,94540,94540,2255860
5/18/2018,100821,103300,99581,101647,1523270
5/17/2018,107432,107432,101234,101647,1792650
5/16/2018,109085,109085,105779,107432,879210
5/15/2018,110655,111399,109085,109085,1713520
5/14/2018,103300,109085,103300,109085,2385670
5/11/2018,99251,102474,98342,102474,2136320
5/10/2018,101482,101482,99168,99581,9076742
5/9/2018,101317,101812,100656,101565,1685960
5/8/2018,102969,103217,101812,102391,1263540
5/7/2018,102060,103300,102060,102969,1059820
5/4/2018,100490,103383,99168,102887,3214170
5/3/2018,101647,104209,100821,101647,4728270
5/2/2018,104126,104126,99168,103300,5204200
4/27/2018,101399,104540,100821,104126,3015830
4/26/2018,104788,104953,101565,104953,6554440
4/24/2018,99168,105449,97680,104953,8719000
4/23/2018,102474,103961,101482,101812,4834080
4/20/2018,99912,102887,94127,101647,4165000
4/19/2018,106275,106606,99912,99912,5509300
4/18/2018,108258,109085,107349,107349,2455245
4/17/2018,107432,109085,105366,107432,2384910
4/16/2018,105779,106771,102887,106358,1686590
4/13/2018,105779,107928,104953,105449,2093210
4/12/2018,102474,105614,100325,104953,4384600
4/11/2018,108754,110324,102474,104126,5647721
4/10/2018,111564,113052,108258,108258,4563970
4/9/2018,111564,111977,109911,111481,3209490
4/6/2018,107432,109498,107184,109415,1954390
4/5/2018,109085,109911,107184,108258,3260050
4/4/2018,101647,106523,101647,105366,2742546
4/3/2018,100986,101647,99829,101069,2412640
4/2/2018,98094,102887,97515,101647,2458390
3/30/2018,95119,96854,94210,96854,1733950
3/29/2018,94623,95449,93796,95036,3740372
3/28/2018,93383,95862,92722,94623,1452270
3/27/2018,96689,97350,93301,93383,4149210
3/26/2018,90904,96771,89664,94044,4716960
3/23/2018,87268,91896,87185,90491,3663080
3/22/2018,90078,91482,89251,89251,2262170
3/21/2018,86689,89747,86359,89251,3520200
3/20/2018,85119,87185,85119,86111,1045660
3/19/2018,82805,86772,82805,86276,1201010
3/16/2018,82144,83466,82144,82392,4099220
3/15/2018,85037,85037,82227,82227,2784640
3/14/2018,84706,86689,84706,84706,2048400
3/13/2018,82640,85037,82557,84789,1364520
3/12/2018,85119,86028,82392,82640,4176360
3/9/2018,85284,87598,82640,85532,3393390
3/8/2018,80987,86276,80905,85284,2564640
3/7/2018,81400,82640,79748,81483,1554880
3/6/2018,79334,81400,77682,81400,1643590
3/5/2018,78508,82309,77682,77682,2067990
3/2/2018,76029,78921,76029,78095,1626310
3/1/2018,78012,79169,77103,77682,1228940
2/28/2018,76277,78591,76277,78425,1672330
2/27/2018,79748,80078,76442,77268,2312070
2/26/2018,76029,79748,76029,78508,2663650
2/23/2018,75202,76029,75202,75698,1335690
2/22/2018,74376,76029,73632,74789,2059700
2/21/2018,72641,76029,72145,74376,3252580
2/13/2018,70244,71897,69418,71153,1407140
2/12/2018,65286,69087,65286,69087,1443590
2/9/2018,62806,64955,61567,64624,1512070
2/8/2018,66112,66938,65286,65286,1035980
2/7/2018,67765,68509,66938,66938,1569240
2/6/2018,62393,67021,62393,67021,8514630
2/5/2018,70575,71070,67021,67021,2587460
2/2/2018,71484,73136,71484,72062,4141270
2/1/2018,72310,72558,70244,71566,2479800
1/31/2018,70657,73054,70327,71070,6599910
1/30/2018,70657,70905,69004,70244,2610460
1/29/2018,71070,72145,70409,70657,2491760
1/26/2018,71070,71484,70161,70657,1879950
1/25/2018,70244,73963,70244,70327,6858690
1/23/2018,69831,70740,69418,69996,1292950
1/22/2018,69831,70740,69418,70244,1971820
1/19/2018,70244,71236,69418,69418,4665470
1/18/2018,68591,69748,66525,69748,3879642
1/17/2018,71070,71732,68591,69418,5754110
1/16/2018,72062,72310,70244,71070,4450910
1/15/2018,71401,73384,71153,72062,4732570
1/12/2018,67352,71318,67186,70575,5741810
1/11/2018,66773,67930,66195,66938,3508750
1/10/2018,66938,68013,66608,66773,3699730
1/9/2018,66856,68178,66112,66608,3876010
1/8/2018,66112,67682,65368,66360,4139990
1/5/2018,66938,66938,65286,66112,2825160
1/4/2018,67352,68674,66525,66938,2937490
1/3/2018,65699,68756,64955,66525,5014340
1/2/2018,64129,64872,63963,64624,1435130
12/29/2017,64129,66029,63633,63881,2105550
12/28/2017,64046,64872,63963,63963,1109290
12/27/2017,64459,65286,63385,63798,3075370
12/26/2017,64707,65286,64294,64459,2308080
12/25/2017,62806,64459,62641,64459,1508100
12/22/2017,60906,62476,60658,62476,2254940
12/21/2017,61071,62393,60327,60327,1721550
12/20/2017,60575,61071,59831,60740,1746740
12/19/2017,61649,62393,60575,60740,1030760
12/18/2017,59005,61154,59005,61154,1199690
12/15/2017,58426,59253,57931,58013,4205530
12/14/2017,59418,59914,58674,59501,477210
12/13/2017,59088,59666,58592,59501,547600
12/12/2017,60327,60410,57022,58840,1138470
12/11/2017,59501,60492,58674,59501,1087910
12/8/2017,58840,60740,57435,60327,7317290
12/7/2017,59914,60988,58674,59501,1010070
12/6/2017,60823,60823,57765,60327,2680770
12/5/2017,63633,64872,58509,60327,3682370
12/4/2017,62063,63798,61567,62889,1716220
12/1/2017,61567,62311,60988,61649,966230
11/30/2017,62972,63385,61567,61567,1728020
11/29/2017,63633,63633,62889,62972,1354620
11/28/2017,64046,65203,62806,62972,3061850
11/27/2017,61154,65699,59501,62806,2152690
11/24/2017,63220,63220,61567,61567,958280
11/23/2017,62806,64294,62145,63220,1302120
11/22/2017,63633,65120,60740,62806,1670670
11/21/2017,64459,67434,63220,63633,9464030
11/20/2017,59336,63054,59088,63054,6958970
11/17/2017,58013,59501,57765,59005,1822620
11/16/2017,56195,57765,56195,57765,7589287
11/15/2017,56691,57435,55617,57022,8568243
11/14/2017,56608,57435,55699,56691,8328296
11/13/2017,54542,56691,53964,56691,6876680
11/10/2017,56030,58549,54618,55204,43749530
11/9/2017,55782,57848,55369,56691,1902810
11/8/2017,52890,54212,51650,54129,2031740
11/7/2017,50245,51650,49832,51237,1645400
11/6/2017,49915,50245,49584,49997,1023210
11/3/2017,49501,50080,48758,49749,1257960
11/2/2017,48427,49584,48344,49584,1396970
11/1/2017,48427,48592,48096,48427,1443760
10/31/2017,48179,48592,47683,48344,1225710
10/30/2017,47435,48344,47187,47931,1520110
10/27/2017,46113,47435,45617,47105,2475607
10/26/2017,45700,45783,43799,45700,1424800
10/25/2017,45865,45948,45452,45700,639470
10/24/2017,45865,46113,45204,45865,1015940
10/23/2017,45783,45948,45452,45783,1042390
10/20/2017,45452,46113,45121,45700,1699930
10/19/2017,45369,45617,45039,45452,652270
10/18/2017,45700,46030,45369,45369,645210
10/17/2017,45287,46113,45039,45700,611740
10/16/2017,46278,46444,45121,45121,1164490
10/13/2017,45039,46278,44956,46278,1184690
10/12/2017,45039,46113,44543,45452,955520
10/11/2017,43138,45369,43138,45369,1820720
10/10/2017,42560,43138,41898,43138,1812200
10/9/2017,43303,43303,42394,42973,655850
10/6/2017,43551,43717,43221,43469,1246450
10/5/2017,43055,43964,42973,43551,1639860
10/4/2017,42477,42973,42312,42973,1930800
10/3/2017,42229,43386,42229,42229,2940110
10/2/2017,42312,42394,42064,42146,719100
9/29/2017,41733,42312,41733,42312,771460
9/28/2017,42477,42808,41981,41981,1068972
9/27/2017,41155,42560,41155,42229,1612010
9/26/2017,40494,41279,40328,40824,1097210
9/25/2017,40494,40742,40328,40494,991050
9/22/2017,40659,41072,39915,40576,635450
9/21/2017,40494,40576,39709,40576,642630
9/20/2017,40576,40618,40246,40494,796160
9/19/2017,40494,40742,40370,40576,677170
9/18/2017,40411,40824,40328,40494,309400
9/15/2017,39832,40907,39832,40411,6017470
9/14/2017,39295,41320,39295,40618,1038060
9/13/2017,40742,40783,39667,39750,983030
9/12/2017,40163,40742,40163,40742,1870517
9/11/2017,41651,41651,40742,40742,678430
9/8/2017,41320,42394,40783,41816,1737650
9/7/2017,41320,41320,40824,41279,537460
9/6/2017,41485,41485,40494,41320,1044140
9/5/2017,41237,41568,40989,41485,1362130
9/1/2017,40246,41237,40246,40824,613910
8/31/2017,40494,41816,40080,40494,1464890
8/30/2017,38056,40659,38056,40659,1588730
8/29/2017,37519,38180,37147,38056,1201820
8/28/2017,36816,37601,36444,37601,815250
8/25/2017,35990,36981,35990,36816,625340
8/24/2017,35948,36320,35783,35990,391490
8/23/2017,35742,35783,35370,35783,141920
8/22/2017,35205,35535,35205,35370,219070
8/21/2017,34957,35453,34957,35453,567760
8/18/2017,35329,35618,35039,35329,673350
8/17/2017,35535,35535,35039,35329,334020
8/16/2017,35122,35411,35039,35370,259540
8/15/2017,35866,35948,35122,35205,388640
8/14/2017,35948,35990,35700,35948,227890
8/11/2017,35700,36114,35453,35948,1908134
8/10/2017,35948,36196,35535,35700,178660
8/9/2017,36610,37188,35948,35948,791591
8/8/2017,36775,37105,36775,37105,655500
8/7/2017,36816,36857,36610,36775,342670
8/4/2017,36857,37105,36692,36816,3875068
8/3/2017,36527,37023,36362,36692,481890
8/2/2017,36279,36775,36279,36692,388850
8/1/2017,36775,36775,36362,36692,404610
7/31/2017,36031,36775,35948,36775,1244560
7/28/2017,34957,35453,34709,35453,431700
7/27/2017,34791,35205,34791,34957,414580
7/26/2017,34709,35205,34544,35205,708260
7/25/2017,34544,34791,34544,34709,193720
7/24/2017,35081,35081,34626,34874,2613118
7/21/2017,34791,35081,34420,35081,563380
7/20/2017,34709,35039,34544,35039,259280
7/19/2017,35122,35122,34667,34709,1940160
7/18/2017,34296,34957,34296,34957,1833930
7/17/2017,35122,35122,34544,35039,2110210
7/14/2017,35205,35205,34874,35205,355150
7/13/2017,35205,35205,34626,35205,552600
7/12/2017,35081,35205,34709,35205,459760
7/11/2017,33965,34791,33965,34791,2063870
7/10/2017,34957,34957,33882,33965,555810
7/7/2017,35246,35287,34709,34709,238900
7/6/2017,35122,35122,34709,35039,324260
7/5/2017,34957,35039,34420,34709,1916780
7/4/2017,34874,34957,34296,34709,938440
7/3/2017,35287,35287,34874,34957,537620
6/30/2017,35205,35287,34915,35287,452240
6/29/2017,35370,35370,34957,34998,171730
6/28/2017,35205,35205,34915,35081,240730
6/27/2017,35370,35370,35122,35205,282700
6/26/2017,34750,35494,34750,35370,579860
6/23/2017,34544,34791,34544,34750,692090
6/22/2017,35246,35287,34791,34791,394210
6/21/2017,34957,35370,34667,35370,556290
6/20/2017,35700,35700,34957,34957,495170
6/19/2017,35122,35618,34998,35618,756020
6/16/2017,35411,35535,35039,35535,3660640
6/15/2017,34378,34957,34378,34957,951160
6/14/2017,35535,35618,34048,34296,1835800
6/13/2017,35163,35535,34915,35535,6424008
6/12/2017,34544,34998,34378,34998,1150090
6/9/2017,34213,34544,34213,34378,538240
6/8/2017,33965,34544,33634,34130,702230
6/7/2017,33593,33882,33593,33882,494480
6/6/2017,33676,33676,33511,33593,439540
6/5/2017,33469,33593,33263,33552,17758261
6/2/2017,33511,33593,33387,33552,630520
6/1/2017,33469,33593,33263,33511,710890
5/31/2017,33304,33634,33221,33263,17993970
5/30/2017,33304,33552,33263,33263,665930
5/29/2017,33469,33676,33056,33593,784880
5/26/2017,33139,33469,33056,33469,724620
5/25/2017,33304,33469,33015,33097,1822220
5/24/2017,33758,33841,33387,33469,1407180
5/23/2017,34048,34048,33717,33758,799020
5/22/2017,33717,34213,33717,34048,825830
5/19/2017,34130,34130,33634,33800,645030
5/18/2017,34130,34461,33924,34130,815460
5/17/2017,34130,34461,34006,34130,538140
5/16/2017,33882,34296,33717,34296,1007010
5/15/2017,33469,34130,33304,33800,655580
5/12/2017,33387,33552,33304,33469,372820
5/11/2017,33469,33758,33428,33469,861350
5/11/2017,33469,33758,33428,33469,861350
5/10/2017,33511,33717,33387,33428,722530
5/9/2017,33387,33800,33304,33676,579970
5/8/2017,33387,33511,33180,33387,2702395
5/5/2017,33304,33387,33139,33387,518030
5/4/2017,33511,33511,33139,33304,695060
5/3/2017,33965,33965,33304,33469,330500
4/28/2017,33469,33800,33387,33800,868180
4/27/2017,33387,33882,33387,33800,532960
4/26/2017,33387,33469,33139,33387,418510
4/25/2017,33056,33469,33056,33345,291630
4/24/2017,33304,33800,32767,33056,422960
4/21/2017,33221,34089,33221,33469,473170
4/20/2017,34296,34378,33469,33552,4119493
4/19/2017,34461,34461,34254,34296,1161170
4/18/2017,34296,34709,34130,34461,420640
4/17/2017,34502,34709,33676,34502,1303790
4/14/2017,34874,34998,34461,34502,700080
4/13/2017,34750,35329,34750,35039,860710
4/12/2017,35163,35453,34709,34750,660120
4/11/2017,34791,35494,34791,35163,1211260
4/10/2017,34709,35122,34626,35039,949330
4/7/2017,34378,34709,34296,34709,370920
4/5/2017,34709,34791,34378,34378,576535
4/4/2017,34461,34709,34337,34709,529490
4/3/2017,34626,34709,34296,34296,623430
3/31/2017,34791,34998,34544,34544,604220
3/30/2017,34957,34998,34709,34874,665180
3/29/2017,34957,35039,34709,34874,732520
3/28/2017,34998,34998,34709,34709,710950
3/27/2017,34791,35039,34709,34998,1056690
3/24/2017,34957,35081,34833,34998,1562480
3/23/2017,34420,35205,34420,35122,1028940
3/22/2017,34254,35039,34254,34420,1495860
3/21/2017,36196,36196,33882,34254,6736840
3/20/2017,36610,36775,35783,35783,1170670
3/17/2017,36527,37023,36196,36196,1070220
3/16/2017,35700,36362,35700,36362,192350
3/15/2017,36444,36527,35783,35948,557540
3/14/2017,36527,36775,36403,36403,370080
3/13/2017,36857,36940,36527,36527,362880
3/10/2017,36403,36940,36362,36527,841330
3/9/2017,36775,36775,36527,36527,271170
3/8/2017,37064,37064,36362,36775,554530
3/7/2017,36981,37436,36857,37064,238620
3/6/2017,37105,37519,36857,36981,366910
3/3/2017,36733,37105,36610,36775,290560
2/28/2017,38180,38180,37188,37188,1009600
2/27/2017,37436,38428,37436,37973,788600
2/24/2017,37395,38014,37105,37395,508290
2/23/2017,37766,38014,37188,37395,584670
2/22/2017,38262,38676,37601,37766,885490
2/21/2017,37436,38841,37436,38386,1391740
2/20/2017,36196,37519,35783,37436,804050
2/17/2017,36444,36444,36031,36362,692670
2/16/2017,36775,36940,36362,36362,871460
2/15/2017,35205,36940,35205,36775,2270860
2/14/2017,35205,35411,35081,35163,496140
2/13/2017,35122,35205,34957,35122,316160
2/10/2017,35205,35329,34750,35122,834560
2/9/2017,35370,35411,35163,35246,282170
2/8/2017,35453,35453,35287,35329,334800
2/7/2017,35039,35370,34874,35370,794850
2/6/2017,35122,35205,34709,35039,473180
2/3/2017,35122,35122,34667,34709,479860
2/2/2017,34957,35411,34957,35122,390520
1/25/2017,34626,34709,34296,34709,788030
1/24/2017,34874,34874,34296,34296,539560
1/23/2017,34874,34874,34461,34709,729750
1/20/2017,34833,34874,34585,34709,714290
1/19/2017,34791,34957,34544,34709,1160620
1/18/2017,34957,35246,34791,34791,743470
1/17/2017,35535,35535,34957,35246,662430
1/16/2017,35783,35783,35411,35411,249960
1/13/2017,35577,35907,35494,35783,506040
1/12/2017,35700,35783,35411,35535,518850
1/11/2017,35453,35907,35205,35535,415040
1/10/2017,35700,35783,35411,35453,459520
1/9/2017,35783,35948,35700,35700,459010
1/6/2017,35039,35948,34998,35618,850050
1/5/2017,34626,35039,34626,34957,359450
1/4/2017,34378,34750,34378,34750,314110
1/3/2017,34709,34709,34378,34378,321500
12/30/2016,34378,34709,34378,34709,704400
12/29/2016,34378,34750,34378,34626,386900
12/28/2016,35081,35081,34337,34378,1112890
12/27/2016,34791,35246,34709,34957,260080
12/26/2016,34874,34874,34626,34709,9408145
12/23/2016,34378,34791,34378,34791,282360
12/22/2016,34378,34791,34172,34709,667670
12/21/2016,34585,34585,34130,34213,866850
12/20/2016,35246,35535,34585,34585,926460
12/19/2016,35205,35783,35205,35370,620190
12/16/2016,34709,35122,34172,35122,6137750
12/15/2016,34957,35039,34585,34709,411520
12/14/2016,34709,35122,34378,35081,853910
12/13/2016,34709,34709,33965,34709,1231230
12/8/2016,34296,34709,34296,34709,713700
12/7/2016,34461,34791,33758,34709,981090
12/6/2016,34626,34626,33841,34461,563020
12/5/2016,34709,34833,34213,34667,702940
12/2/2016,34296,34874,34296,34709,2726757
12/1/2016,34791,34874,34296,34709,701120
11/30/2016,33924,34709,33387,34709,1495010
11/29/2016,35122,35122,34296,34296,1186930
11/28/2016,34544,35122,33965,35122,1107530
11/25/2016,34957,35122,34296,35122,1651400
11/24/2016,35287,35287,34750,35122,619360
11/23/2016,35205,35370,35163,35287,286930
11/22/2016,35039,35287,35039,35205,261260
11/21/2016,35122,35205,34874,35205,326180
11/18/2016,35535,35535,34957,35205,376190
11/17/2016,35205,35370,34750,35287,993910
11/16/2016,35329,35783,35205,35287,465120
11/15/2016,35535,35948,35163,35329,1084159
11/14/2016,36114,37023,35453,35453,1412440
11/11/2016,35370,36362,34998,36362,1006070
11/10/2016,35370,35535,35205,35370,254060
11/9/2016,35453,35453,34709,35122,846210
11/8/2016,35287,35453,35205,35370,351360
11/7/2016,35039,35411,34957,35329,195260
11/4/2016,34709,35287,34709,35039,166620
11/3/2016,34791,35370,34585,35039,488460
11/2/2016,35370,35700,34957,34957,5575872
11/1/2016,35122,35411,35122,35329,307880
10/31/2016,35122,35742,34957,35122,980500
10/28/2016,35370,35700,35205,35411,711780
10/27/2016,35039,35453,34709,35370,1053560
10/26/2016,35039,35370,34709,35081,434490
10/25/2016,35039,35411,34957,35287,3867669
10/24/2016,35535,35535,35122,35535,9888789
10/21/2016,35783,35783,35287,35535,9159987
10/20/2016,36031,36031,35535,35783,9301129
10/19/2016,35411,36196,35287,36196,19812910
10/18/2016,35535,35535,35122,35453,14491500
10/17/2016,35535,35618,35287,35535,542930
10/14/2016,35411,35866,35039,35535,11299118
10/13/2016,35122,35618,34626,35535,5206420
10/12/2016,34791,35370,34791,34874,365010
10/11/2016,34874,35122,34461,34791,7899126
10/10/2016,35700,35700,34709,34791,286190
10/7/2016,35535,35866,35039,35370,250280
10/6/2016,36196,36196,35205,35287,6747233
10/5/2016,36610,36775,36114,36196,254440
10/4/2016,35535,36362,35370,36362,446930
10/3/2016,36775,36775,35535,35535,6938142
9/30/2016,36775,37023,35122,36775,170270
9/29/2016,36899,37147,36857,37147,218130
9/28/2016,37601,37601,36362,36899,2471388
9/27/2016,37105,37973,36940,37973,658260
9/26/2016,36651,37188,36114,36940,420940
9/23/2016,36444,36651,36362,36651,464830
9/22/2016,36114,36692,36114,36362,1031190
9/21/2016,35535,36279,35205,36114,739790
9/20/2016,34461,35535,34254,35205,779080
9/19/2016,35535,35535,34709,34957,477860
9/16/2016,33634,35535,33634,35535,2866190
9/15/2016,33469,34213,33056,34048,824280
9/14/2016,33392,33392,32583,32583,801730
9/13/2016,33392,33662,33055,33122,1340403
9/12/2016,33730,33730,32987,33595,6317128
9/9/2016,32718,32987,32515,32920,1081340
9/8/2016,32380,32380,32110,32245,593850
9/7/2016,32448,32448,31976,32043,515100
9/6/2016,32583,32650,32313,32313,848070
9/5/2016,32448,32448,32110,32313,723060
9/1/2016,32515,32583,32110,32380,549770
8/31/2016,32380,32718,32313,32448,4403630
8/30/2016,32380,32650,32043,32448,633880
8/29/2016,32380,32853,32380,32380,858310
8/26/2016,32380,32583,32313,32380,240700
8/25/2016,32718,32718,32245,32583,2962627
8/24/2016,32718,32920,32583,32718,478690
8/23/2016,31503,32718,31301,32718,1787820
8/22/2016,32380,32380,31503,31638,1594810
8/19/2016,32380,32650,31841,32178,5406345
8/18/2016,32987,32987,32178,32313,1935719
8/17/2016,32313,32853,31706,32313,1763870
8/16/2016,33055,33055,32043,32313,1691880
8/15/2016,33055,33055,32718,33055,543500
8/12/2016,33392,33392,32785,33055,1251560
8/11/2016,32785,33190,32515,33055,1992870
8/10/2016,30829,32785,30829,32785,2882080
8/9/2016,30019,30896,30019,30694,827360
8/8/2016,30154,30694,28063,30154,3019390
8/5/2016,31368,31908,30019,30154,1844020
8/4/2016,33392,33460,32043,32043,1293330
8/3/2016,33730,34067,33055,33257,1214100
8/2/2016,34067,35079,34067,34404,1473350
8/1/2016,34741,35079,34067,34741,460650
7/29/2016,35416,35416,34404,34404,359260
7/28/2016,34741,35753,34404,35416,1820975
7/27/2016,34067,34404,33730,34404,3167259
7/26/2016,34067,34404,33595,34067,266140
7/25/2016,34067,34404,33730,34067,148890
7/22/2016,34067,34404,33460,33730,628770
7/21/2016,34067,34741,33662,34067,622420
7/20/2016,35079,35416,33730,33730,1193970
7/19/2016,36428,36765,34067,35079,1550450
7/18/2016,36765,36765,36091,36428,1201020
7/15/2016,36428,36765,35753,36765,533250
7/14/2016,37102,37440,36091,36091,973530
7/13/2016,35416,37102,35416,37102,3078540
7/12/2016,34404,35079,34404,35079,1001810
7/11/2016,34741,35079,34067,34404,1125350
7/8/2016,35079,35079,34404,34741,718620
7/7/2016,34741,35079,34067,34741,640510
7/6/2016,34404,34741,34067,34404,528660
7/5/2016,34741,35416,34404,34404,599190
7/4/2016,34741,35079,34404,34404,459790
7/1/2016,34067,34741,33662,34404,888200
6/30/2016,32718,34404,32515,33325,814400
6/29/2016,32178,32718,32178,32380,713210
6/28/2016,32650,32650,32178,32178,414530
6/27/2016,32380,32987,32313,32650,527320
6/24/2016,32210,32210,30022,31602,1143290
6/23/2016,32210,32514,31906,32210,291630
6/22/2016,32818,32818,31906,31906,464600
6/21/2016,32818,33122,32514,32818,333390
6/20/2016,31906,32818,31602,32514,302670
6/17/2016,32210,32514,31602,31602,3234450
6/16/2016,32514,32818,32210,32514,655360
6/15/2016,32818,33122,32210,32514,511910
6/14/2016,31906,32514,31906,32514,324210
6/13/2016,32514,32514,31906,31906,4359847
6/10/2016,33122,33426,32818,32818,170630
6/9/2016,33122,33426,32818,33122,113090
6/8/2016,33122,34033,32818,33122,1214310
6/7/2016,32514,33122,32514,33122,401370
6/6/2016,32818,33122,32210,32514,295810
6/3/2016,32514,32818,32210,32818,645410
6/2/2016,32514,32818,32210,32514,776870
6/1/2016,32210,32514,31906,32514,469570
5/31/2016,32514,32818,31906,31906,4140260
5/30/2016,31602,32818,31602,32514,1078090
5/27/2016,30995,31602,30995,31299,417106
5/26/2016,31602,31602,30691,30995,611130
5/25/2016,31602,31906,31299,31602,283630
5/24/2016,32210,32210,31299,31602,1729240
5/23/2016,31602,31602,30691,31602,1410160
5/20/2016,32514,32818,31299,31299,5276390
5/19/2016,33122,33122,32210,32514,4601501
5/18/2016,33122,33122,32514,32514,5818250
5/17/2016,33729,33729,33122,33122,518280
5/16/2016,32514,33729,32210,33426,1283650
5/13/2016,32514,32818,32210,32514,883830
5/12/2016,32818,33122,32514,32514,469130
5/11/2016,31602,32514,31602,32514,1735178
5/10/2016,31602,31602,30995,31602,3755562
5/9/2016,32210,32210,31602,31602,5502043
5/6/2016,31602,31906,31602,31906,906360
5/5/2016,31299,32210,31299,31299,617680
5/4/2016,31299,31906,30995,30995,961640
4/29/2016,31906,32210,31602,31906,4982450
4/28/2016,32210,32514,31602,31602,601580
4/27/2016,33426,33426,31602,32210,974580
4/26/2016,31906,33122,31906,32818,12852384
4/25/2016,33729,34033,31906,31906,1404690
4/22/2016,31299,33426,31299,33122,1729690
4/21/2016,31299,31906,30691,31299,1196330
4/20/2016,30205,30995,30205,30691,2572217
4/19/2016,31602,31602,30205,30205,1057604
4/15/2016,31906,33122,31602,31602,1549470
4/14/2016,31299,33122,31299,31906,1460943
4/13/2016,31299,32210,30691,31602,1538712
4/12/2016,31602,31906,30995,31602,17803020
4/11/2016,28868,30691,28868,30691,1486260
4/8/2016,28685,28928,28503,28868,750280
4/7/2016,28928,28989,28624,28685,439730
4/6/2016,28624,28928,28503,28928,11540863
4/5/2016,28624,28746,28260,28624,13642855
4/4/2016,28746,28746,28442,28624,351710
4/1/2016,28685,28807,28442,28685,2908420
3/31/2016,28199,28928,28199,28685,8170430
3/30/2016,27895,28564,27895,28564,2291640
3/29/2016,28564,28807,28321,28442,1482760
3/28/2016,28017,28442,27895,28381,970660
3/25/2016,27348,27956,27348,27834,1257200
3/24/2016,27591,27652,27348,27409,560060
3/23/2016,27348,27713,27105,27591,2398470
3/22/2016,27470,27713,27287,27652,781900
3/21/2016,27166,27713,27166,27470,3942980
3/18/2016,27348,27409,26801,26801,5523540
3/17/2016,27470,27531,27287,27348,1126503
3/16/2016,27166,27287,27105,27105,514143
3/15/2016,27591,27956,27227,27348,1073480
3/14/2016,27409,27652,27348,27591,379856
3/11/2016,28260,28260,27591,27591,560370
3/10/2016,28260,28442,28199,28260,575310
3/9/2016,28260,28503,28260,28260,1223530
3/8/2016,27713,28199,27713,28199,1079780
3/7/2016,27834,28260,27652,27834,557500
3/4/2016,27591,27956,27470,27834,802550
3/3/2016,27470,27652,27348,27591,491450
3/2/2016,26984,27409,26862,27348,560340
3/1/2016,26984,27105,26497,26801,956870
2/29/2016,27348,27348,26801,26801,259290
2/26/2016,27713,27834,27166,27348,1344544
2/25/2016,27652,27895,27591,27652,528840
2/24/2016,27591,27895,27409,27591,635590
2/23/2016,27470,28138,27470,27713,1318590
2/22/2016,27409,27470,27105,27470,815490
2/19/2016,27895,27895,26923,27409,1393710
2/18/2016,27956,28078,27774,27956,773570
2/17/2016,28138,28138,27652,27652,573090
2/16/2016,28078,28078,27652,27713,392060
2/15/2016,28260,28321,27652,27652,1076060
2/5/2016,28199,28564,28199,28321,895260
2/4/2016,28564,28868,28564,28564,1832620
2/3/2016,28381,28564,27956,28564,1102250
2/2/2016,28381,28685,28381,28564,3517260
2/1/2016,28685,29111,28564,28564,1133280
1/29/2016,29293,29293,28685,28928,2231860
1/28/2016,28564,29354,28564,29354,5582880
1/27/2016,28868,28928,28503,28868,3534960
1/26/2016,29171,29415,28746,29171,1779070
1/25/2016,29475,29475,29171,29354,1960040
1/22/2016,29050,29840,29050,29354,1722160
1/21/2016,28989,29171,28746,29050,2357970
1/20/2016,28624,29171,28624,28807,1951650
1/19/2016,28685,29232,28685,28868,855110
1/18/2016,28442,28928,27348,28868,2516720
1/15/2016,29232,29232,28807,28868,1131360
1/14/2016,28685,29293,28685,29171,2616100
1/13/2016,29171,29171,28685,29111,2043030
1/12/2016,29354,29415,28928,29171,1030900
1/11/2016,29171,29840,28928,29354,1591300
1/8/2016,28868,29171,28564,29171,1641950
1/7/2016,28442,29293,28260,29171,2852010
1/6/2016,28807,29111,28381,28868,2001950
1/5/2016,28564,28989,28442,28868,2480100
1/4/2016,27713,28868,27470,28868,4809120
12/31/2015,27652,27956,27409,27774,3361900
12/30/2015,27409,27956,26740,27956,3236200
12/29/2015,26437,27652,26133,27652,3005940
12/28/2015,25768,26558,25768,26437,1494140
12/25/2015,25707,25829,25525,25768,643448
12/24/2015,25464,25586,25343,25525,672060
12/23/2015,25039,25464,25039,25343,797670
12/22/2015,25221,25403,25160,25282,391380
12/21/2015,24917,25221,24917,25221,522360
12/18/2015,25464,25586,24310,24310,2466150
12/17/2015,25525,25707,25403,25464,635650
12/16/2015,25403,25707,25282,25343,522330
12/15/2015,25039,25343,25039,25221,1376440
12/14/2015,25221,25282,24978,25100,769150
12/11/2015,25100,25282,25100,25221,680860
12/10/2015,25403,25707,25100,25100,9622480
12/9/2015,25768,26376,25403,25403,1626520
12/8/2015,25586,25890,25403,25768,778590
12/7/2015,25768,25768,25525,25707,974567
12/4/2015,25890,26072,25647,25707,624530
12/3/2015,25890,26072,25829,26011,417700
12/2/2015,26133,26315,25890,25890,823660
12/1/2015,26072,26133,25950,26011,573841
11/30/2015,25707,26011,25647,26011,942170
11/27/2015,26194,26254,25829,25890,645100
11/26/2015,26376,26376,26194,26254,236160
11/25/2015,26315,26437,26072,26376,841660
11/24/2015,26558,26619,26315,26376,478700
11/23/2015,26497,26680,26497,26558,563750
11/20/2015,26558,26680,26376,26558,679170
11/19/2015,26680,26680,26376,26376,1152330
11/18/2015,26497,26801,26315,26558,686870
11/17/2015,26437,26740,26315,26376,814300
11/16/2015,26680,26862,26376,26376,1007330
11/13/2015,26558,26923,26558,26923,5603549
11/12/2015,26619,26984,25950,26558,3719374
11/11/2015,27044,27227,26680,26801,1849430
11/10/2015,27227,27409,27044,27044,832570
11/9/2015,27531,27591,27227,27409,2022460
11/6/2015,27652,27834,27348,27409,860260
11/5/2015,27652,28017,27652,27652,765040
11/4/2015,28138,28442,27713,27713,1389650
11/3/2015,27348,27956,26923,27956,1349370
11/2/2015,27713,27834,27287,27348,1108090
10/30/2015,28017,28017,27531,27652,1867210
10/29/2015,26984,27956,26984,27956,3789240
10/28/2015,27044,27470,26984,26984,1220690
10/27/2015,26984,27227,26740,26984,694730
10/26/2015,27227,27774,27044,27044,2468930
10/23/2015,25890,26984,25890,26984,3208630
10/22/2015,25403,26011,25403,25829,478920
10/21/2015,25829,25829,25343,25343,578460
10/20/2015,25950,25950,25586,25647,806750
10/19/2015,26011,26011,25890,25950,341820
10/16/2015,25829,26011,25829,26011,368830
10/15/2015,25950,26011,25829,25829,539950
10/14/2015,26133,26133,25829,25829,1173050
10/13/2015,26194,26254,26011,26011,1294250
10/12/2015,26315,26497,26194,26254,974660
10/9/2015,26437,26680,26315,26315,2113630
10/8/2015,25829,26801,25829,26437,2457280
10/7/2015,25647,26194,25403,25829,2096590
10/6/2015,25525,25647,25403,25586,841260
10/5/2015,25282,25343,25221,25282,472330
10/2/2015,25282,25343,25160,25282,378770
10/1/2015,25464,25586,25282,25282,417940
9/30/2015,25464,25525,25343,25343,338130
9/29/2015,25343,25464,25160,25282,431390
9/28/2015,25586,25647,25343,25525,465240
9/25/2015,25768,25768,25464,25586,636970
9/24/2015,25950,25950,25768,25768,806470
9/23/2015,25829,25950,25768,25829,707360
9/22/2015,26072,26133,25890,26011,365500
9/21/2015,25768,26133,25647,26072,1158500
9/18/2015,25768,25829,25525,25525,7092380
9/17/2015,25525,25647,25343,25525,584840
9/16/2015,25343,25464,25282,25343,1295070
9/15/2015,25403,25403,25160,25343,1107630
9/14/2015,25525,25525,25282,25403,1227150
9/11/2015,25768,25768,25464,25525,1195540
9/10/2015,25343,25829,25039,25768,1474080
9/9/2015,25525,25525,25343,25464,514350
9/8/2015,25282,25464,25221,25343,680480
9/7/2015,25039,25464,24978,25282,933750
9/4/2015,25039,25221,24978,25221,716580
9/3/2015,25221,25221,24917,24978,1925210
9/1/2015,25221,25343,24735,25221,885510
8/31/2015,25343,25343,24796,25221,886190
8/28/2015,25160,25343,24796,25343,1150510
8/27/2015,24553,25100,24370,24917,1529370
8/26/2015,24127,24553,24066,24431,1642870
8/25/2015,23580,24370,23580,24370,2317730
8/24/2015,24370,24370,23033,24370,2934060
8/21/2015,24492,24674,23580,24370,3312020
8/20/2015,24796,25039,24370,24674,1142450
8/19/2015,25343,25343,24674,24796,787690
8/18/2015,24917,25343,24917,25343,674230
8/17/2015,25403,25707,24917,24917,868640
8/14/2015,25829,26072,25282,25403,1047490
8/13/2015,26194,26194,25768,25829,1141880
8/12/2015,26558,26558,26194,26194,915320
8/11/2015,26437,26558,26376,26558,1230250
8/10/2015,26133,26437,26133,26437,902880
8/7/2015,26194,26194,26072,26133,318890
8/6/2015,26133,26254,25950,26133,520170
8/5/2015,26194,26254,26011,26254,1494710
8/4/2015,26011,26194,25950,26133,710800
8/3/2015,25950,26376,25890,26194,8067340
7/31/2015,26072,26376,25950,26194,1473770
7/30/2015,26254,26376,26072,26194,871800
7/29/2015,26740,26801,26194,26254,1292676
7/28/2015,26862,27287,26619,26619,2746060
7/27/2015,26740,26923,26558,26740,1634930
7/24/2015,26984,26984,26497,26619,752000
7/23/2015,27044,27348,26801,26801,1096080
7/22/2015,26315,27105,26194,27044,1978850
7/21/2015,25829,26315,25829,26133,575410
7/20/2015,25950,26315,25768,25890,763460
7/17/2015,26133,26194,25829,25950,889510
7/16/2015,26133,26315,25950,26011,1311772
7/15/2015,26862,26862,26315,26437,1634580
7/14/2015,26558,26801,26558,26740,722320
7/13/2015,26923,26923,26740,26801,1259500
7/10/2015,26923,27105,26740,26923,1414490
7/9/2015,26133,27105,26011,26740,2189208
7/8/2015,26801,26801,26254,26437,1768750
7/7/2015,26984,27166,26801,26862,2610130
7/6/2015,27348,27409,26740,27105,1815530
7/3/2015,26984,27287,26923,27105,2057740
7/2/2015,26558,26680,26437,26680,1217760
7/1/2015,26740,26740,26133,26376,797910
6/30/2015,25829,26862,25829,26437,3529780
6/29/2015,25586,26315,25586,25950,1764630
6/26/2015,25121,25362,25121,25121,12753545
6/25/2015,25121,25604,24879,25362,1109400
6/24/2015,24879,25362,24879,25362,5361174
6/23/2015,24879,25362,24638,25121,9756440
6/22/2015,24879,25121,24638,24879,2132730
6/19/2015,24638,24879,24396,24638,5044200
6/18/2015,24396,24638,24396,24396,1779720
6/17/2015,24396,24879,24058,24396,653080
6/16/2015,24396,24638,24106,24396,739750
6/15/2015,25121,25121,24155,24396,850000
6/12/2015,23865,25121,23816,25121,2997570
